0 verbose cli /usr/local/bin/node /usr/local/bin/npm
1 info using npm@10.9.2
2 info using node@v22.16.0
3 silly config load:file:/usr/local/lib/node_modules/npm/npmrc
4 silly config load:file:/Users/teager/Documents/New project 2/.npmrc
5 silly config load:file:/Users/teager/.npmrc
6 silly config load:file:/usr/local/etc/npmrc
7 verbose title npm install
8 verbose argv "install" "--cache" "./.npm-cache"
9 verbose logfile logs-max:10 dir:/Users/teager/Documents/New project 2/.npm-cache/_logs/2026-05-18T13_38_39_028Z-
10 verbose logfile /Users/teager/Documents/New project 2/.npm-cache/_logs/2026-05-18T13_38_39_028Z-debug-0.log
11 silly logfile done cleaning log files
12 silly packumentCache heap:4345298944 maxSize:1086324736 maxEntrySize:543162368
13 silly idealTree buildDeps
14 silly fetch manifest @vitejs/plugin-react@^5.0.0
15 silly packumentCache full:https://registry.npmjs.org/@vitejs%2fplugin-react cache-miss
16 http fetch GET 200 https://registry.npmjs.org/npm 132ms
17 http fetch GET 200 https://registry.npmjs.org/@vitejs%2fplugin-react 403ms (cache miss)
18 silly packumentCache full:https://registry.npmjs.org/@vitejs%2fplugin-react set size:undefined disposed:false
19 silly fetch manifest vite@^7.0.0
20 silly packumentCache full:https://registry.npmjs.org/vite cache-miss
21 http fetch GET 200 https://registry.npmjs.org/vite 1453ms (cache miss)
22 silly packumentCache full:https://registry.npmjs.org/vite set size:undefined disposed:false
23 silly fetch manifest @types/node@^20.19.0 || >=22.12.0
24 silly packumentCache full:https://registry.npmjs.org/@types%2fnode cache-miss
25 http fetch GET 200 https://registry.npmjs.org/@types%2fnode 343ms (cache miss)
26 silly packumentCache full:https://registry.npmjs.org/@types%2fnode set size:undefined disposed:false
27 silly fetch manifest jiti@>=1.21.0
28 silly packumentCache full:https://registry.npmjs.org/jiti cache-miss
29 http fetch GET 200 https://registry.npmjs.org/jiti 45ms (cache miss)
30 silly packumentCache full:https://registry.npmjs.org/jiti set size:undefined disposed:false
31 silly fetch manifest less@^4.0.0
32 silly packumentCache full:https://registry.npmjs.org/less cache-miss
33 http fetch GET 200 https://registry.npmjs.org/less 57ms (cache miss)
34 silly packumentCache full:https://registry.npmjs.org/less set size:undefined disposed:false
35 silly fetch manifest lightningcss@^1.21.0
36 silly packumentCache full:https://registry.npmjs.org/lightningcss cache-miss
37 http fetch GET 200 https://registry.npmjs.org/lightningcss 349ms (cache miss)
38 silly packumentCache full:https://registry.npmjs.org/lightningcss set size:undefined disposed:false
39 silly fetch manifest sass@^1.70.0
40 silly packumentCache full:https://registry.npmjs.org/sass cache-miss
41 http fetch GET 200 https://registry.npmjs.org/sass 83ms (cache miss)
42 silly packumentCache full:https://registry.npmjs.org/sass set size:undefined disposed:false
43 silly fetch manifest sass-embedded@^1.70.0
44 silly packumentCache full:https://registry.npmjs.org/sass-embedded cache-miss
45 http fetch GET 200 https://registry.npmjs.org/sass-embedded 58ms (cache miss)
46 silly packumentCache full:https://registry.npmjs.org/sass-embedded set size:undefined disposed:false
47 silly fetch manifest stylus@>=0.54.8
48 silly packumentCache full:https://registry.npmjs.org/stylus cache-miss
49 http fetch GET 200 https://registry.npmjs.org/stylus 67ms (cache miss)
50 silly packumentCache full:https://registry.npmjs.org/stylus set size:undefined disposed:false
51 silly fetch manifest sugarss@^5.0.0
52 silly packumentCache full:https://registry.npmjs.org/sugarss cache-miss
53 http fetch GET 200 https://registry.npmjs.org/sugarss 30ms (cache miss)
54 silly packumentCache full:https://registry.npmjs.org/sugarss set size:undefined disposed:false
55 silly fetch manifest postcss@^8.5.6
56 silly packumentCache full:https://registry.npmjs.org/postcss cache-miss
57 http fetch GET 200 https://registry.npmjs.org/postcss 59ms (cache miss)
58 silly packumentCache full:https://registry.npmjs.org/postcss set size:undefined disposed:false
59 silly fetch manifest terser@^5.16.0
60 silly packumentCache full:https://registry.npmjs.org/terser cache-miss
61 http fetch GET 200 https://registry.npmjs.org/terser 56ms (cache miss)
62 silly packumentCache full:https://registry.npmjs.org/terser set size:undefined disposed:false
63 silly fetch manifest tsx@^4.8.1
64 silly packumentCache full:https://registry.npmjs.org/tsx cache-miss
65 http fetch GET 200 https://registry.npmjs.org/tsx 48ms (cache miss)
66 silly packumentCache full:https://registry.npmjs.org/tsx set size:undefined disposed:false
67 silly fetch manifest yaml@^2.4.2
68 silly packumentCache full:https://registry.npmjs.org/yaml cache-miss
69 http fetch GET 200 https://registry.npmjs.org/yaml 52ms (cache miss)
70 silly packumentCache full:https://registry.npmjs.org/yaml set size:undefined disposed:false
71 silly fetch manifest react@^19.0.0
72 silly packumentCache full:https://registry.npmjs.org/react cache-miss
73 http fetch GET 200 https://registry.npmjs.org/react 247ms (cache miss)
74 silly packumentCache full:https://registry.npmjs.org/react set size:undefined disposed:false
75 silly fetch manifest react-dom@^19.0.0
76 silly packumentCache full:https://registry.npmjs.org/react-dom cache-miss
77 http fetch GET 200 https://registry.npmjs.org/react-dom 225ms (cache miss)
78 silly packumentCache full:https://registry.npmjs.org/react-dom set size:undefined disposed:false
79 silly fetch manifest autoprefixer@^10.4.21
80 silly packumentCache full:https://registry.npmjs.org/autoprefixer cache-miss
81 http fetch GET 200 https://registry.npmjs.org/autoprefixer 81ms (cache miss)
82 silly packumentCache full:https://registry.npmjs.org/autoprefixer set size:undefined disposed:false
83 silly fetch manifest tailwindcss@^3.4.17
84 silly packumentCache full:https://registry.npmjs.org/tailwindcss cache-miss
85 http fetch GET 200 https://registry.npmjs.org/tailwindcss 246ms (cache miss)
86 silly packumentCache full:https://registry.npmjs.org/tailwindcss set size:undefined disposed:false
87 silly placeDep ROOT @vitejs/plugin-react@5.2.0 OK for: moonsport-road-to-the-final@0.1.0 want: ^5.0.0
88 silly placeDep ROOT vite@7.3.3 OK for: @vitejs/plugin-react@5.2.0 want: ^4.2.0 || ^5.0.0 || ^6.0.0 || ^7.0.0 || ^8.0.0
89 silly placeDep ROOT autoprefixer@10.5.0 OK for: moonsport-road-to-the-final@0.1.0 want: ^10.4.21
90 silly placeDep ROOT postcss@8.5.14 OK for: autoprefixer@10.5.0 want: ^8.1.0
91 silly placeDep ROOT react@19.2.6 OK for: moonsport-road-to-the-final@0.1.0 want: ^19.0.0
92 silly placeDep ROOT react-dom@19.2.6 OK for: moonsport-road-to-the-final@0.1.0 want: ^19.0.0
93 silly placeDep ROOT tailwindcss@3.4.19 OK for: moonsport-road-to-the-final@0.1.0 want: ^3.4.17
94 silly fetch manifest @babel/core@^7.29.0
95 silly packumentCache full:https://registry.npmjs.org/@babel%2fcore cache-miss
96 silly fetch manifest react-refresh@^0.18.0
97 silly packumentCache full:https://registry.npmjs.org/react-refresh cache-miss
98 silly fetch manifest @types/babel__core@^7.20.5
99 silly packumentCache full:https://registry.npmjs.org/@types%2fbabel__core cache-miss
100 silly fetch manifest @rolldown/pluginutils@1.0.0-rc.3
101 silly packumentCache full:https://registry.npmjs.org/@rolldown%2fpluginutils cache-miss
102 silly fetch manifest @babel/plugin-transform-react-jsx-self@^7.27.1
103 silly packumentCache full:https://registry.npmjs.org/@babel%2fplugin-transform-react-jsx-self cache-miss
104 silly fetch manifest @babel/plugin-transform-react-jsx-source@^7.27.1
105 silly packumentCache full:https://registry.npmjs.org/@babel%2fplugin-transform-react-jsx-source cache-miss
106 silly fetch manifest fdir@^6.5.0
107 silly packumentCache full:https://registry.npmjs.org/fdir cache-miss
108 silly fetch manifest rollup@^4.43.0
109 silly packumentCache full:https://registry.npmjs.org/rollup cache-miss
110 silly fetch manifest esbuild@^0.27.0
111 silly packumentCache full:https://registry.npmjs.org/esbuild cache-miss
112 http fetch GET 200 https://registry.npmjs.org/fdir 63ms (cache miss)
113 silly packumentCache full:https://registry.npmjs.org/fdir set size:undefined disposed:false
114 silly fetch manifest picomatch@^4.0.3
115 silly packumentCache full:https://registry.npmjs.org/picomatch cache-miss
116 http fetch GET 200 https://registry.npmjs.org/@types%2fbabel__core 76ms (cache miss)
117 silly packumentCache full:https://registry.npmjs.org/@types%2fbabel__core set size:undefined disposed:false
118 silly fetch manifest tinyglobby@^0.2.15
119 silly packumentCache full:https://registry.npmjs.org/tinyglobby cache-miss
120 http fetch GET 200 https://registry.npmjs.org/@babel%2fcore 92ms (cache miss)
121 silly packumentCache full:https://registry.npmjs.org/@babel%2fcore set size:undefined disposed:false
122 silly fetch manifest fsevents@~2.3.3
123 silly packumentCache full:https://registry.npmjs.org/fsevents cache-miss
124 http fetch GET 200 https://registry.npmjs.org/picomatch 33ms (cache miss)
125 silly packumentCache full:https://registry.npmjs.org/picomatch set size:undefined disposed:false
126 silly fetch manifest browserslist@^4.28.2
127 silly packumentCache full:https://registry.npmjs.org/browserslist cache-miss
128 http fetch GET 200 https://registry.npmjs.org/tinyglobby 34ms (cache miss)
129 silly packumentCache full:https://registry.npmjs.org/tinyglobby set size:undefined disposed:false
130 silly fetch manifest caniuse-lite@^1.0.30001787
131 silly packumentCache full:https://registry.npmjs.org/caniuse-lite cache-miss
132 http fetch GET 200 https://registry.npmjs.org/esbuild 138ms (cache miss)
133 silly packumentCache full:https://registry.npmjs.org/esbuild set size:undefined disposed:false
134 silly fetch manifest fraction.js@^5.3.4
135 silly packumentCache full:https://registry.npmjs.org/fraction.js cache-miss
136 http fetch GET 200 https://registry.npmjs.org/fsevents 51ms (cache miss)
137 silly packumentCache full:https://registry.npmjs.org/fsevents set size:undefined disposed:false
138 silly fetch manifest picocolors@^1.1.1
139 silly packumentCache full:https://registry.npmjs.org/picocolors cache-miss
140 http fetch GET 200 https://registry.npmjs.org/browserslist 77ms (cache miss)
141 silly packumentCache full:https://registry.npmjs.org/browserslist set size:undefined disposed:false
142 silly fetch manifest postcss-value-parser@^4.2.0
143 silly packumentCache full:https://registry.npmjs.org/postcss-value-parser cache-miss
144 http fetch GET 200 https://registry.npmjs.org/rollup 182ms (cache miss)
145 silly packumentCache full:https://registry.npmjs.org/rollup set size:undefined disposed:false
146 silly fetch manifest nanoid@^3.3.11
147 silly packumentCache full:https://registry.npmjs.org/nanoid cache-miss
148 http fetch GET 200 https://registry.npmjs.org/picocolors 62ms (cache miss)
149 silly packumentCache full:https://registry.npmjs.org/picocolors set size:undefined disposed:false
150 silly fetch manifest source-map-js@^1.2.1
151 silly packumentCache full:https://registry.npmjs.org/source-map-js cache-miss
152 http fetch GET 200 https://registry.npmjs.org/fraction.js 67ms (cache miss)
153 silly packumentCache full:https://registry.npmjs.org/fraction.js set size:undefined disposed:false
154 silly fetch manifest scheduler@^0.27.0
155 silly packumentCache full:https://registry.npmjs.org/scheduler cache-miss
156 http fetch GET 200 https://registry.npmjs.org/caniuse-lite 111ms (cache miss)
157 silly packumentCache full:https://registry.npmjs.org/caniuse-lite set size:undefined disposed:false
158 silly fetch manifest arg@^5.0.2
159 silly packumentCache full:https://registry.npmjs.org/arg cache-miss
160 http fetch GET 200 https://registry.npmjs.org/nanoid 39ms (cache miss)
161 silly packumentCache full:https://registry.npmjs.org/nanoid set size:undefined disposed:false
162 silly fetch manifest dlv@^1.1.3
163 silly packumentCache full:https://registry.npmjs.org/dlv cache-miss
164 http fetch GET 200 https://registry.npmjs.org/@babel%2fplugin-transform-react-jsx-source 398ms (cache miss)
165 silly packumentCache full:https://registry.npmjs.org/@babel%2fplugin-transform-react-jsx-source set size:undefined disposed:false
166 silly fetch manifest jiti@^1.21.7
167 silly packumentCache full:https://registry.npmjs.org/jiti cache-miss
168 http cache https://registry.npmjs.org/jiti 5ms (cache hit)
169 silly packumentCache full:https://registry.npmjs.org/jiti set size:387989 disposed:false
170 silly fetch manifest is-glob@^4.0.3
171 silly packumentCache full:https://registry.npmjs.org/is-glob cache-miss
172 http fetch GET 200 https://registry.npmjs.org/is-glob 63ms (cache miss)
173 silly packumentCache full:https://registry.npmjs.org/is-glob set size:undefined disposed:false
174 silly fetch manifest resolve@^1.22.8
175 silly packumentCache full:https://registry.npmjs.org/resolve cache-miss
176 http fetch GET 200 https://registry.npmjs.org/postcss-value-parser 356ms (cache miss)
177 silly packumentCache full:https://registry.npmjs.org/postcss-value-parser set size:undefined disposed:false
178 silly fetch manifest sucrase@^3.35.0
179 silly packumentCache full:https://registry.npmjs.org/sucrase cache-miss
180 http fetch GET 200 https://registry.npmjs.org/scheduler 325ms (cache miss)
181 silly packumentCache full:https://registry.npmjs.org/scheduler set size:undefined disposed:false
182 silly fetch manifest chokidar@^3.6.0
183 silly packumentCache full:https://registry.npmjs.org/chokidar cache-miss
184 http fetch GET 200 https://registry.npmjs.org/resolve 79ms (cache miss)
185 silly packumentCache full:https://registry.npmjs.org/resolve set size:undefined disposed:false
186 silly fetch manifest fast-glob@^3.3.2
187 silly packumentCache full:https://registry.npmjs.org/fast-glob cache-miss
188 http fetch GET 200 https://registry.npmjs.org/arg 325ms (cache miss)
189 silly packumentCache full:https://registry.npmjs.org/arg set size:undefined disposed:false
190 silly fetch manifest lilconfig@^3.1.3
191 silly packumentCache full:https://registry.npmjs.org/lilconfig cache-miss
192 http fetch GET 200 https://registry.npmjs.org/source-map-js 355ms (cache miss)
193 silly packumentCache full:https://registry.npmjs.org/source-map-js set size:undefined disposed:false
194 silly fetch manifest didyoumean@^1.2.2
195 silly packumentCache full:https://registry.npmjs.org/didyoumean cache-miss
196 http fetch GET 200 https://registry.npmjs.org/react-refresh 565ms (cache miss)
197 silly packumentCache full:https://registry.npmjs.org/react-refresh set size:undefined disposed:false
198 silly fetch manifest micromatch@^4.0.8
199 silly packumentCache full:https://registry.npmjs.org/micromatch cache-miss
200 http fetch GET 200 https://registry.npmjs.org/dlv 341ms (cache miss)
201 silly packumentCache full:https://registry.npmjs.org/dlv set size:undefined disposed:false
202 silly fetch manifest postcss-js@^4.0.1
203 silly packumentCache full:https://registry.npmjs.org/postcss-js cache-miss
204 http fetch GET 200 https://registry.npmjs.org/fast-glob 38ms (cache miss)
205 silly packumentCache full:https://registry.npmjs.org/fast-glob set size:undefined disposed:false
206 silly fetch manifest glob-parent@^6.0.2
207 silly packumentCache full:https://registry.npmjs.org/glob-parent cache-miss
208 http fetch GET 200 https://registry.npmjs.org/micromatch 38ms (cache miss)
209 silly packumentCache full:https://registry.npmjs.org/micromatch set size:undefined disposed:false
210 silly fetch manifest object-hash@^3.0.0
211 silly packumentCache full:https://registry.npmjs.org/object-hash cache-miss
212 http fetch GET 200 https://registry.npmjs.org/glob-parent 31ms (cache miss)
213 silly packumentCache full:https://registry.npmjs.org/glob-parent set size:undefined disposed:false
214 silly fetch manifest normalize-path@^3.0.0
215 silly packumentCache full:https://registry.npmjs.org/normalize-path cache-miss
216 http fetch GET 200 https://registry.npmjs.org/normalize-path 28ms (cache miss)
217 silly packumentCache full:https://registry.npmjs.org/normalize-path set size:undefined disposed:false
218 silly fetch manifest postcss-import@^15.1.0
219 silly packumentCache full:https://registry.npmjs.org/postcss-import cache-miss
220 http fetch GET 200 https://registry.npmjs.org/@babel%2fplugin-transform-react-jsx-self 709ms (cache miss)
221 silly packumentCache full:https://registry.npmjs.org/@babel%2fplugin-transform-react-jsx-self set size:undefined disposed:false
222 silly fetch manifest postcss-nested@^6.2.0
223 silly packumentCache full:https://registry.npmjs.org/postcss-nested cache-miss
224 http fetch GET 200 https://registry.npmjs.org/postcss-nested 34ms (cache miss)
225 silly packumentCache full:https://registry.npmjs.org/postcss-nested set size:undefined disposed:false
226 silly fetch manifest @alloc/quick-lru@^5.2.0
227 silly packumentCache full:https://registry.npmjs.org/@alloc%2fquick-lru cache-miss
228 http fetch GET 200 https://registry.npmjs.org/@rolldown%2fpluginutils 774ms (cache miss)
229 silly packumentCache full:https://registry.npmjs.org/@rolldown%2fpluginutils set size:undefined disposed:false
230 silly fetch manifest postcss-load-config@^4.0.2 || ^5.0 || ^6.0
231 silly packumentCache full:https://registry.npmjs.org/postcss-load-config cache-miss
232 http fetch GET 200 https://registry.npmjs.org/lilconfig 321ms (cache miss)
233 silly packumentCache full:https://registry.npmjs.org/lilconfig set size:undefined disposed:false
234 silly fetch manifest postcss-selector-parser@^6.1.2
235 silly packumentCache full:https://registry.npmjs.org/postcss-selector-parser cache-miss
236 http fetch GET 200 https://registry.npmjs.org/sucrase 364ms (cache miss)
237 silly packumentCache full:https://registry.npmjs.org/sucrase set size:undefined disposed:false
238 http fetch GET 200 https://registry.npmjs.org/chokidar 357ms (cache miss)
239 silly packumentCache full:https://registry.npmjs.org/chokidar set size:undefined disposed:false
240 http fetch GET 200 https://registry.npmjs.org/didyoumean 345ms (cache miss)
241 silly packumentCache full:https://registry.npmjs.org/didyoumean set size:undefined disposed:false
242 http fetch GET 200 https://registry.npmjs.org/postcss-selector-parser 35ms (cache miss)
243 silly packumentCache full:https://registry.npmjs.org/postcss-selector-parser set size:undefined disposed:false
244 http fetch GET 200 https://registry.npmjs.org/postcss-js 329ms (cache miss)
245 silly packumentCache full:https://registry.npmjs.org/postcss-js set size:undefined disposed:false
246 http fetch GET 200 https://registry.npmjs.org/object-hash 331ms (cache miss)
247 silly packumentCache full:https://registry.npmjs.org/object-hash set size:undefined disposed:false
248 http fetch GET 200 https://registry.npmjs.org/@alloc%2fquick-lru 230ms (cache miss)
249 silly packumentCache full:https://registry.npmjs.org/@alloc%2fquick-lru set size:undefined disposed:false
250 http fetch GET 200 https://registry.npmjs.org/postcss-load-config 202ms (cache miss)
251 silly packumentCache full:https://registry.npmjs.org/postcss-load-config set size:undefined disposed:false
252 http fetch GET 200 https://registry.npmjs.org/postcss-import 334ms (cache miss)
253 silly packumentCache full:https://registry.npmjs.org/postcss-import set size:undefined disposed:false
254 silly placeDep ROOT @babel/core@7.29.0 OK for: @vitejs/plugin-react@5.2.0 want: ^7.29.0
255 silly placeDep ROOT @babel/plugin-transform-react-jsx-self@7.27.1 OK for: @vitejs/plugin-react@5.2.0 want: ^7.27.1
256 silly placeDep ROOT @babel/plugin-transform-react-jsx-source@7.27.1 OK for: @vitejs/plugin-react@5.2.0 want: ^7.27.1
257 silly placeDep ROOT @rolldown/pluginutils@1.0.0-rc.3 OK for: @vitejs/plugin-react@5.2.0 want: 1.0.0-rc.3
258 silly placeDep ROOT @types/babel__core@7.20.5 OK for: @vitejs/plugin-react@5.2.0 want: ^7.20.5
259 silly placeDep ROOT react-refresh@0.18.0 OK for: @vitejs/plugin-react@5.2.0 want: ^0.18.0
260 silly fetch manifest debug@^4.1.0
261 silly packumentCache full:https://registry.npmjs.org/debug cache-miss
262 silly fetch manifest json5@^2.2.3
263 silly packumentCache full:https://registry.npmjs.org/json5 cache-miss
264 silly fetch manifest semver@^6.3.1
265 silly packumentCache full:https://registry.npmjs.org/semver cache-miss
266 silly fetch manifest gensync@^1.0.0-beta.2
267 silly packumentCache full:https://registry.npmjs.org/gensync cache-miss
268 silly fetch manifest @babel/types@^7.29.0
269 silly packumentCache full:https://registry.npmjs.org/@babel%2ftypes cache-miss
270 silly fetch manifest @babel/parser@^7.29.0
271 silly packumentCache full:https://registry.npmjs.org/@babel%2fparser cache-miss
272 silly fetch manifest @babel/helpers@^7.28.6
273 silly packumentCache full:https://registry.npmjs.org/@babel%2fhelpers cache-miss
274 silly fetch manifest @babel/template@^7.28.6
275 silly packumentCache full:https://registry.npmjs.org/@babel%2ftemplate cache-miss
276 silly fetch manifest @babel/traverse@^7.29.0
277 silly packumentCache full:https://registry.npmjs.org/@babel%2ftraverse cache-miss
278 http fetch GET 200 https://registry.npmjs.org/gensync 35ms (cache miss)
279 silly packumentCache full:https://registry.npmjs.org/gensync set size:undefined disposed:false
280 silly fetch manifest @babel/generator@^7.29.0
281 silly packumentCache full:https://registry.npmjs.org/@babel%2fgenerator cache-miss
282 http fetch GET 200 https://registry.npmjs.org/debug 42ms (cache miss)
283 silly packumentCache full:https://registry.npmjs.org/debug set size:undefined disposed:false
284 silly fetch manifest @babel/code-frame@^7.29.0
285 silly packumentCache full:https://registry.npmjs.org/@babel%2fcode-frame cache-miss
286 http fetch GET 200 https://registry.npmjs.org/@babel%2ftypes 57ms (cache miss)
287 silly packumentCache full:https://registry.npmjs.org/@babel%2ftypes set size:undefined disposed:false
288 silly fetch manifest convert-source-map@^2.0.0
289 silly packumentCache full:https://registry.npmjs.org/convert-source-map cache-miss
290 http fetch GET 200 https://registry.npmjs.org/@babel%2fhelpers 74ms (cache miss)
291 silly packumentCache full:https://registry.npmjs.org/@babel%2fhelpers set size:undefined disposed:false
292 silly fetch manifest @jridgewell/remapping@^2.3.5
293 silly packumentCache full:https://registry.npmjs.org/@jridgewell%2fremapping cache-miss
294 http fetch GET 200 https://registry.npmjs.org/@babel%2fparser 78ms (cache miss)
295 silly packumentCache full:https://registry.npmjs.org/@babel%2fparser set size:undefined disposed:false
296 silly fetch manifest @babel/helper-module-transforms@^7.28.6
297 silly packumentCache full:https://registry.npmjs.org/@babel%2fhelper-module-transforms cache-miss
298 http fetch GET 200 https://registry.npmjs.org/semver 82ms (cache miss)
299 silly packumentCache full:https://registry.npmjs.org/semver set size:undefined disposed:false
300 silly fetch manifest @babel/helper-compilation-targets@^7.28.6
301 silly packumentCache full:https://registry.npmjs.org/@babel%2fhelper-compilation-targets cache-miss
302 http fetch GET 200 https://registry.npmjs.org/convert-source-map 28ms (cache miss)
303 silly packumentCache full:https://registry.npmjs.org/convert-source-map set size:undefined disposed:false
304 silly fetch manifest @babel/helper-plugin-utils@^7.27.1
305 silly packumentCache full:https://registry.npmjs.org/@babel%2fhelper-plugin-utils cache-miss
306 http fetch GET 200 https://registry.npmjs.org/@babel%2fgenerator 70ms (cache miss)
307 silly packumentCache full:https://registry.npmjs.org/@babel%2fgenerator set size:undefined disposed:false
308 silly fetch manifest @babel/helper-plugin-utils@^7.27.1
309 silly packumentCache full:https://registry.npmjs.org/@babel%2fhelper-plugin-utils cache-miss
310 http fetch GET 200 https://registry.npmjs.org/@babel%2fcode-frame 64ms (cache miss)
311 silly packumentCache full:https://registry.npmjs.org/@babel%2fcode-frame set size:undefined disposed:false
312 silly fetch manifest @babel/types@^7.20.7
313 silly packumentCache full:https://registry.npmjs.org/@babel%2ftypes cache-miss
314 http cache https://registry.npmjs.org/@babel%2ftypes 2ms (cache hit)
315 silly packumentCache full:https://registry.npmjs.org/@babel%2ftypes set size:491978 disposed:false
316 silly fetch manifest @babel/parser@^7.20.7
317 silly packumentCache full:https://registry.npmjs.org/@babel%2fparser cache-miss
318 http cache https://registry.npmjs.org/@babel%2fparser 1ms (cache hit)
319 silly packumentCache full:https://registry.npmjs.org/@babel%2fparser set size:725652 disposed:false
320 silly fetch manifest @types/babel__template@*
321 silly packumentCache full:https://registry.npmjs.org/@types%2fbabel__template cache-miss
322 http fetch GET 200 https://registry.npmjs.org/@babel%2fhelper-plugin-utils 46ms (cache miss)
323 silly packumentCache full:https://registry.npmjs.org/@babel%2fhelper-plugin-utils set size:undefined disposed:false
324 silly fetch manifest @types/babel__traverse@*
325 silly packumentCache full:https://registry.npmjs.org/@types%2fbabel__traverse cache-miss
326 http fetch GET 200 https://registry.npmjs.org/json5 141ms (cache miss)
327 silly packumentCache full:https://registry.npmjs.org/json5 set size:undefined disposed:false
328 silly fetch manifest @types/babel__generator@*
329 silly packumentCache full:https://registry.npmjs.org/@types%2fbabel__generator cache-miss
330 http fetch GET 200 https://registry.npmjs.org/@babel%2fhelper-compilation-targets 70ms (cache miss)
331 silly packumentCache full:https://registry.npmjs.org/@babel%2fhelper-compilation-targets set size:undefined disposed:false
332 http fetch GET 200 https://registry.npmjs.org/@types%2fbabel__template 41ms (cache miss)
333 silly packumentCache full:https://registry.npmjs.org/@types%2fbabel__template set size:undefined disposed:false
334 http fetch GET 200 https://registry.npmjs.org/@babel%2fhelper-plugin-utils 50ms (cache miss)
335 silly packumentCache full:https://registry.npmjs.org/@babel%2fhelper-plugin-utils set size:undefined disposed:false
336 http fetch GET 200 https://registry.npmjs.org/@types%2fbabel__traverse 55ms (cache miss)
337 silly packumentCache full:https://registry.npmjs.org/@types%2fbabel__traverse set size:undefined disposed:false
338 http fetch GET 200 https://registry.npmjs.org/@babel%2ftraverse 235ms (cache miss)
339 silly packumentCache full:https://registry.npmjs.org/@babel%2ftraverse set size:undefined disposed:false
340 http fetch GET 200 https://registry.npmjs.org/@babel%2ftemplate 242ms (cache miss)
341 silly packumentCache full:https://registry.npmjs.org/@babel%2ftemplate set size:undefined disposed:false
342 http fetch GET 200 https://registry.npmjs.org/@types%2fbabel__generator 134ms (cache miss)
343 silly packumentCache full:https://registry.npmjs.org/@types%2fbabel__generator set size:undefined disposed:false
344 http fetch GET 200 https://registry.npmjs.org/@babel%2fhelper-module-transforms 648ms (cache miss)
345 silly packumentCache full:https://registry.npmjs.org/@babel%2fhelper-module-transforms set size:undefined disposed:false
346 http fetch GET 200 https://registry.npmjs.org/@jridgewell%2fremapping 670ms (cache miss)
347 silly packumentCache full:https://registry.npmjs.org/@jridgewell%2fremapping set size:undefined disposed:false
348 silly fetch manifest @babel/core@^7.0.0
349 silly packumentCache full:https://registry.npmjs.org/@babel%2fcore cache-miss
350 http cache https://registry.npmjs.org/@babel%2fcore 4ms (cache hit)
351 silly packumentCache full:https://registry.npmjs.org/@babel%2fcore set size:768033 disposed:false
352 silly placeDep ROOT @babel/code-frame@7.29.0 OK for: @babel/core@7.29.0 want: ^7.29.0
353 silly placeDep ROOT @babel/generator@7.29.1 OK for: @babel/core@7.29.0 want: ^7.29.0
354 silly placeDep ROOT @babel/helper-compilation-targets@7.28.6 OK for: @babel/core@7.29.0 want: ^7.28.6
355 silly placeDep ROOT @babel/helper-module-transforms@7.28.6 OK for: @babel/core@7.29.0 want: ^7.28.6
356 silly placeDep ROOT @babel/helpers@7.29.2 OK for: @babel/core@7.29.0 want: ^7.28.6
357 silly placeDep ROOT @babel/parser@7.29.3 OK for: @babel/core@7.29.0 want: ^7.29.0
358 silly placeDep ROOT @babel/template@7.28.6 OK for: @babel/core@7.29.0 want: ^7.28.6
359 silly placeDep ROOT @babel/traverse@7.29.0 OK for: @babel/core@7.29.0 want: ^7.29.0
360 silly placeDep ROOT @babel/types@7.29.0 OK for: @babel/core@7.29.0 want: ^7.29.0
361 silly placeDep ROOT @jridgewell/remapping@2.3.5 OK for: @babel/core@7.29.0 want: ^2.3.5
362 silly placeDep ROOT convert-source-map@2.0.0 OK for: @babel/core@7.29.0 want: ^2.0.0
363 silly placeDep ROOT debug@4.4.3 OK for: @babel/core@7.29.0 want: ^4.1.0
364 silly placeDep ROOT gensync@1.0.0-beta.2 OK for: @babel/core@7.29.0 want: ^1.0.0-beta.2
365 silly placeDep ROOT json5@2.2.3 OK for: @babel/core@7.29.0 want: ^2.2.3
366 silly placeDep ROOT semver@6.3.1 OK for: @babel/core@7.29.0 want: ^6.3.1
367 silly fetch manifest js-tokens@^4.0.0
368 silly packumentCache full:https://registry.npmjs.org/js-tokens cache-miss
369 silly fetch manifest @babel/helper-validator-identifier@^7.28.5
370 silly packumentCache full:https://registry.npmjs.org/@babel%2fhelper-validator-identifier cache-miss
371 silly fetch manifest jsesc@^3.0.2
372 silly packumentCache full:https://registry.npmjs.org/jsesc cache-miss
373 silly fetch manifest @jridgewell/gen-mapping@^0.3.12
374 silly packumentCache full:https://registry.npmjs.org/@jridgewell%2fgen-mapping cache-miss
375 silly fetch manifest @jridgewell/trace-mapping@^0.3.28
376 silly packumentCache full:https://registry.npmjs.org/@jridgewell%2ftrace-mapping cache-miss
377 silly fetch manifest lru-cache@^5.1.1
378 silly packumentCache full:https://registry.npmjs.org/lru-cache cache-miss
379 silly fetch manifest browserslist@^4.24.0
380 silly packumentCache full:https://registry.npmjs.org/browserslist cache-miss
381 silly fetch manifest @babel/compat-data@^7.28.6
382 silly packumentCache full:https://registry.npmjs.org/@babel%2fcompat-data cache-miss
383 silly fetch manifest @babel/helper-validator-option@^7.27.1
384 silly packumentCache full:https://registry.npmjs.org/@babel%2fhelper-validator-option cache-miss
385 http cache https://registry.npmjs.org/browserslist 2ms (cache hit)
386 silly packumentCache full:https://registry.npmjs.org/browserslist set size:504681 disposed:false
387 silly fetch manifest @babel/traverse@^7.28.6
388 silly packumentCache full:https://registry.npmjs.org/@babel%2ftraverse cache-miss
389 http cache https://registry.npmjs.org/@babel%2ftraverse 1ms (cache hit)
390 silly packumentCache full:https://registry.npmjs.org/@babel%2ftraverse set size:553169 disposed:false
391 silly fetch manifest @babel/helper-module-imports@^7.28.6
392 silly packumentCache full:https://registry.npmjs.org/@babel%2fhelper-module-imports cache-miss
393 http fetch GET 200 https://registry.npmjs.org/jsesc 29ms (cache miss)
394 silly packumentCache full:https://registry.npmjs.org/jsesc set size:undefined disposed:false
395 silly fetch manifest @babel/helper-validator-identifier@^7.28.5
396 silly packumentCache full:https://registry.npmjs.org/@babel%2fhelper-validator-identifier cache-miss
397 http fetch GET 200 https://registry.npmjs.org/js-tokens 43ms (cache miss)
398 silly packumentCache full:https://registry.npmjs.org/js-tokens set size:undefined disposed:false
399 silly fetch manifest @babel/types@^7.28.6
400 silly packumentCache full:https://registry.npmjs.org/@babel%2ftypes cache-hit
401 silly fetch manifest debug@^4.3.1
402 silly packumentCache full:https://registry.npmjs.org/debug cache-miss
403 http cache https://registry.npmjs.org/debug 1ms (cache hit)
404 silly packumentCache full:https://registry.npmjs.org/debug set size:195840 disposed:false
405 silly fetch manifest @babel/helper-globals@^7.28.0
406 silly packumentCache full:https://registry.npmjs.org/@babel%2fhelper-globals cache-miss
407 http fetch GET 200 https://registry.npmjs.org/@babel%2fhelper-validator-identifier 49ms (cache miss)
408 silly packumentCache full:https://registry.npmjs.org/@babel%2fhelper-validator-identifier set size:undefined disposed:false
409 silly fetch manifest @babel/helper-string-parser@^7.27.1
410 silly packumentCache full:https://registry.npmjs.org/@babel%2fhelper-string-parser cache-miss
411 http fetch GET 200 https://registry.npmjs.org/@jridgewell%2ftrace-mapping 52ms (cache miss)
412 silly packumentCache full:https://registry.npmjs.org/@jridgewell%2ftrace-mapping set size:undefined disposed:false
413 silly fetch manifest @jridgewell/gen-mapping@^0.3.5
414 silly packumentCache full:https://registry.npmjs.org/@jridgewell%2fgen-mapping cache-miss
415 http fetch GET 200 https://registry.npmjs.org/@babel%2fhelper-validator-identifier 57ms (cache miss)
416 silly packumentCache full:https://registry.npmjs.org/@babel%2fhelper-validator-identifier set size:undefined disposed:false
417 silly fetch manifest @jridgewell/trace-mapping@^0.3.24
418 silly packumentCache full:https://registry.npmjs.org/@jridgewell%2ftrace-mapping cache-miss
419 http cache https://registry.npmjs.org/@jridgewell%2ftrace-mapping 3ms (cache hit)
420 silly packumentCache full:https://registry.npmjs.org/@jridgewell%2ftrace-mapping set size:170909 disposed:false
421 silly fetch manifest ms@^2.1.3
422 silly packumentCache full:https://registry.npmjs.org/ms cache-miss
423 http fetch GET 200 https://registry.npmjs.org/@babel%2fhelper-string-parser 48ms (cache miss)
424 silly packumentCache full:https://registry.npmjs.org/@babel%2fhelper-string-parser set size:undefined disposed:false
425 http fetch GET 200 https://registry.npmjs.org/@babel%2fhelper-globals 61ms (cache miss)
426 silly packumentCache full:https://registry.npmjs.org/@babel%2fhelper-globals set size:undefined disposed:false
427 http fetch GET 200 https://registry.npmjs.org/ms 35ms (cache miss)
428 silly packumentCache full:https://registry.npmjs.org/ms set size:undefined disposed:false
429 http fetch GET 200 https://registry.npmjs.org/lru-cache 279ms (cache miss)
430 silly packumentCache full:https://registry.npmjs.org/lru-cache set size:undefined disposed:false
431 http fetch GET 200 https://registry.npmjs.org/@jridgewell%2fgen-mapping 344ms (cache miss)
432 silly packumentCache full:https://registry.npmjs.org/@jridgewell%2fgen-mapping set size:undefined disposed:false
433 http fetch GET 200 https://registry.npmjs.org/@jridgewell%2fgen-mapping 300ms (cache miss)
434 silly packumentCache full:https://registry.npmjs.org/@jridgewell%2fgen-mapping set size:undefined disposed:false
435 http fetch GET 200 https://registry.npmjs.org/@babel%2fhelper-validator-option 354ms (cache miss)
436 silly packumentCache full:https://registry.npmjs.org/@babel%2fhelper-validator-option set size:undefined disposed:false
437 http fetch GET 200 https://registry.npmjs.org/@babel%2fhelper-module-imports 362ms (cache miss)
438 silly packumentCache full:https://registry.npmjs.org/@babel%2fhelper-module-imports set size:undefined disposed:false
439 http fetch GET 200 https://registry.npmjs.org/@babel%2fcompat-data 516ms (cache miss)
440 silly packumentCache full:https://registry.npmjs.org/@babel%2fcompat-data set size:undefined disposed:false
441 silly placeDep ROOT @babel/helper-validator-identifier@7.28.5 OK for: @babel/code-frame@7.29.0 want: ^7.28.5
442 silly placeDep ROOT js-tokens@4.0.0 OK for: @babel/code-frame@7.29.0 want: ^4.0.0
443 silly placeDep ROOT picocolors@1.1.1 OK for: @babel/code-frame@7.29.0 want: ^1.1.1
444 silly placeDep ROOT @jridgewell/gen-mapping@0.3.13 OK for: @babel/generator@7.29.1 want: ^0.3.12
445 silly placeDep ROOT @jridgewell/trace-mapping@0.3.31 OK for: @babel/generator@7.29.1 want: ^0.3.28
446 silly placeDep ROOT jsesc@3.1.0 OK for: @babel/generator@7.29.1 want: ^3.0.2
447 silly fetch manifest @jridgewell/sourcemap-codec@^1.5.0
448 silly packumentCache full:https://registry.npmjs.org/@jridgewell%2fsourcemap-codec cache-miss
449 silly fetch manifest @jridgewell/resolve-uri@^3.1.0
450 silly packumentCache full:https://registry.npmjs.org/@jridgewell%2fresolve-uri cache-miss
451 silly fetch manifest @jridgewell/sourcemap-codec@^1.4.14
452 silly packumentCache full:https://registry.npmjs.org/@jridgewell%2fsourcemap-codec cache-miss
453 http fetch GET 200 https://registry.npmjs.org/@jridgewell%2fsourcemap-codec 53ms (cache miss)
454 silly packumentCache full:https://registry.npmjs.org/@jridgewell%2fsourcemap-codec set size:undefined disposed:false
455 http fetch GET 200 https://registry.npmjs.org/@jridgewell%2fsourcemap-codec 55ms (cache miss)
456 silly packumentCache full:https://registry.npmjs.org/@jridgewell%2fsourcemap-codec set size:undefined disposed:false
457 http fetch GET 200 https://registry.npmjs.org/@jridgewell%2fresolve-uri 75ms (cache miss)
458 silly packumentCache full:https://registry.npmjs.org/@jridgewell%2fresolve-uri set size:undefined disposed:false
459 silly placeDep ROOT @babel/compat-data@7.29.3 OK for: @babel/helper-compilation-targets@7.28.6 want: ^7.28.6
460 silly placeDep ROOT @babel/helper-validator-option@7.27.1 OK for: @babel/helper-compilation-targets@7.28.6 want: ^7.27.1
461 silly placeDep ROOT browserslist@4.28.2 OK for: @babel/helper-compilation-targets@7.28.6 want: ^4.24.0
462 silly placeDep ROOT lru-cache@5.1.1 OK for: @babel/helper-compilation-targets@7.28.6 want: ^5.1.1
463 silly fetch manifest baseline-browser-mapping@^2.10.12
464 silly packumentCache full:https://registry.npmjs.org/baseline-browser-mapping cache-miss
465 silly fetch manifest caniuse-lite@^1.0.30001782
466 silly packumentCache full:https://registry.npmjs.org/caniuse-lite cache-miss
467 silly fetch manifest electron-to-chromium@^1.5.328
468 silly packumentCache full:https://registry.npmjs.org/electron-to-chromium cache-miss
469 silly fetch manifest node-releases@^2.0.36
470 silly packumentCache full:https://registry.npmjs.org/node-releases cache-miss
471 silly fetch manifest update-browserslist-db@^1.2.3
472 silly packumentCache full:https://registry.npmjs.org/update-browserslist-db cache-miss
473 silly fetch manifest yallist@^3.0.2
474 silly packumentCache full:https://registry.npmjs.org/yallist cache-miss
475 http cache https://registry.npmjs.org/caniuse-lite 7ms (cache hit)
476 silly packumentCache full:https://registry.npmjs.org/caniuse-lite set size:2293068 disposed:false
477 http fetch GET 200 https://registry.npmjs.org/yallist 32ms (cache miss)
478 silly packumentCache full:https://registry.npmjs.org/yallist set size:undefined disposed:false
479 http fetch GET 200 https://registry.npmjs.org/update-browserslist-db 43ms (cache miss)
480 silly packumentCache full:https://registry.npmjs.org/update-browserslist-db set size:undefined disposed:false
481 http fetch GET 200 https://registry.npmjs.org/node-releases 60ms (cache miss)
482 silly packumentCache full:https://registry.npmjs.org/node-releases set size:undefined disposed:false
483 http fetch GET 200 https://registry.npmjs.org/electron-to-chromium 184ms (cache miss)
484 silly packumentCache full:https://registry.npmjs.org/electron-to-chromium set size:undefined disposed:false
485 http fetch GET 200 https://registry.npmjs.org/baseline-browser-mapping 230ms (cache miss)
486 silly packumentCache full:https://registry.npmjs.org/baseline-browser-mapping set size:undefined disposed:false
487 silly placeDep ROOT @babel/helper-module-imports@7.28.6 OK for: @babel/helper-module-transforms@7.28.6 want: ^7.28.6
488 silly placeDep ROOT @babel/helper-plugin-utils@7.28.6 OK for: @babel/plugin-transform-react-jsx-self@7.27.1 want: ^7.27.1
489 silly placeDep ROOT @babel/helper-globals@7.28.0 OK for: @babel/traverse@7.29.0 want: ^7.28.0
490 silly placeDep ROOT @babel/helper-string-parser@7.27.1 OK for: @babel/types@7.29.0 want: ^7.27.1
491 silly placeDep ROOT @jridgewell/sourcemap-codec@1.5.5 OK for: @jridgewell/gen-mapping@0.3.13 want: ^1.5.0
492 silly placeDep ROOT @jridgewell/resolve-uri@3.1.2 OK for: @jridgewell/trace-mapping@0.3.31 want: ^3.1.0
493 silly placeDep ROOT @types/babel__generator@7.27.0 OK for: @types/babel__core@7.20.5 want: *
494 silly placeDep ROOT @types/babel__template@7.4.4 OK for: @types/babel__core@7.20.5 want: *
495 silly placeDep ROOT @types/babel__traverse@7.28.0 OK for: @types/babel__core@7.20.5 want: *
496 silly placeDep ROOT caniuse-lite@1.0.30001793 OK for: autoprefixer@10.5.0 want: ^1.0.30001787
497 silly placeDep ROOT fraction.js@5.3.4 OK for: autoprefixer@10.5.0 want: ^5.3.4
498 silly placeDep ROOT postcss-value-parser@4.2.0 OK for: autoprefixer@10.5.0 want: ^4.2.0
499 silly fetch manifest browserslist@>= 4.21.0
500 silly packumentCache full:https://registry.npmjs.org/browserslist cache-hit
501 silly placeDep ROOT baseline-browser-mapping@2.10.30 OK for: browserslist@4.28.2 want: ^2.10.12
502 silly placeDep ROOT electron-to-chromium@1.5.357 OK for: browserslist@4.28.2 want: ^1.5.328
503 silly placeDep ROOT node-releases@2.0.44 OK for: browserslist@4.28.2 want: ^2.0.36
504 silly placeDep ROOT update-browserslist-db@1.2.3 OK for: browserslist@4.28.2 want: ^1.2.3
505 silly fetch manifest escalade@^3.2.0
506 silly packumentCache full:https://registry.npmjs.org/escalade cache-miss
507 http fetch GET 200 https://registry.npmjs.org/escalade 68ms (cache miss)
508 silly packumentCache full:https://registry.npmjs.org/escalade set size:undefined disposed:false
509 silly placeDep ROOT ms@2.1.3 OK for: debug@4.4.3 want: ^2.1.3
510 silly placeDep ROOT yallist@3.1.1 OK for: lru-cache@5.1.1 want: ^3.0.2
511 silly placeDep ROOT nanoid@3.3.12 OK for: postcss@8.5.14 want: ^3.3.11
512 silly placeDep ROOT source-map-js@1.2.1 OK for: postcss@8.5.14 want: ^1.2.1
513 silly placeDep ROOT scheduler@0.27.0 OK for: react-dom@19.2.6 want: ^0.27.0
514 silly fetch manifest postcss@^8.4.47
515 silly packumentCache full:https://registry.npmjs.org/postcss cache-miss
516 http cache https://registry.npmjs.org/postcss 3ms (cache hit)
517 silly packumentCache full:https://registry.npmjs.org/postcss set size:720302 disposed:false
518 silly placeDep ROOT @alloc/quick-lru@5.2.0 OK for: tailwindcss@3.4.19 want: ^5.2.0
519 silly placeDep ROOT arg@5.0.2 OK for: tailwindcss@3.4.19 want: ^5.0.2
520 silly placeDep ROOT chokidar@3.6.0 OK for: tailwindcss@3.4.19 want: ^3.6.0
521 silly placeDep ROOT didyoumean@1.2.2 OK for: tailwindcss@3.4.19 want: ^1.2.2
522 silly placeDep ROOT dlv@1.1.3 OK for: tailwindcss@3.4.19 want: ^1.1.3
523 silly placeDep ROOT fast-glob@3.3.3 OK for: tailwindcss@3.4.19 want: ^3.3.2
524 silly placeDep ROOT glob-parent@6.0.2 OK for: tailwindcss@3.4.19 want: ^6.0.2
525 silly placeDep ROOT is-glob@4.0.3 OK for: tailwindcss@3.4.19 want: ^4.0.3
526 silly placeDep ROOT jiti@1.21.7 OK for: tailwindcss@3.4.19 want: ^1.21.7
527 silly placeDep ROOT lilconfig@3.1.3 OK for: tailwindcss@3.4.19 want: ^3.1.3
528 silly placeDep ROOT micromatch@4.0.8 OK for: tailwindcss@3.4.19 want: ^4.0.8
529 silly placeDep ROOT normalize-path@3.0.0 OK for: tailwindcss@3.4.19 want: ^3.0.0
530 silly placeDep ROOT object-hash@3.0.0 OK for: tailwindcss@3.4.19 want: ^3.0.0
531 silly placeDep ROOT postcss-import@15.1.0 OK for: tailwindcss@3.4.19 want: ^15.1.0
532 silly placeDep ROOT postcss-js@4.1.0 OK for: tailwindcss@3.4.19 want: ^4.0.1
533 silly placeDep ROOT postcss-load-config@6.0.1 OK for: tailwindcss@3.4.19 want: ^4.0.2 || ^5.0 || ^6.0
534 silly placeDep ROOT postcss-nested@6.2.0 OK for: tailwindcss@3.4.19 want: ^6.2.0
535 silly placeDep ROOT postcss-selector-parser@6.1.2 OK for: tailwindcss@3.4.19 want: ^6.1.2
536 silly placeDep ROOT resolve@1.22.12 OK for: tailwindcss@3.4.19 want: ^1.22.8
537 silly placeDep ROOT sucrase@3.35.1 OK for: tailwindcss@3.4.19 want: ^3.35.0
538 silly fetch manifest braces@~3.0.2
539 silly packumentCache full:https://registry.npmjs.org/braces cache-miss
540 silly fetch manifest is-glob@~4.0.1
541 silly packumentCache full:https://registry.npmjs.org/is-glob cache-miss
542 silly fetch manifest anymatch@~3.1.2
543 silly packumentCache full:https://registry.npmjs.org/anymatch cache-miss
544 silly fetch manifest readdirp@~3.6.0
545 silly packumentCache full:https://registry.npmjs.org/readdirp cache-miss
546 silly fetch manifest glob-parent@~5.1.2
547 silly packumentCache full:https://registry.npmjs.org/glob-parent cache-miss
548 silly fetch manifest is-binary-path@~2.1.0
549 silly packumentCache full:https://registry.npmjs.org/is-binary-path cache-miss
550 silly fetch manifest normalize-path@~3.0.0
551 silly packumentCache full:https://registry.npmjs.org/normalize-path cache-miss
552 silly fetch manifest fsevents@~2.3.2
553 silly packumentCache full:https://registry.npmjs.org/fsevents cache-miss
554 silly fetch manifest @nodelib/fs.stat@^2.0.2
555 silly packumentCache full:https://registry.npmjs.org/@nodelib%2ffs.stat cache-miss
556 http cache https://registry.npmjs.org/glob-parent 4ms (cache hit)
557 silly packumentCache full:https://registry.npmjs.org/glob-parent set size:42445 disposed:false
558 silly fetch manifest @nodelib/fs.walk@^1.2.3
559 silly packumentCache full:https://registry.npmjs.org/@nodelib%2ffs.walk cache-miss
560 http cache https://registry.npmjs.org/normalize-path 5ms (cache hit)
561 silly packumentCache full:https://registry.npmjs.org/normalize-path set size:28713 disposed:false
562 silly fetch manifest glob-parent@^5.1.2
563 silly packumentCache full:https://registry.npmjs.org/glob-parent cache-hit
564 silly fetch manifest merge2@^1.3.0
565 silly packumentCache full:https://registry.npmjs.org/merge2 cache-miss
566 http cache https://registry.npmjs.org/fsevents 5ms (cache hit)
567 silly packumentCache full:https://registry.npmjs.org/fsevents set size:182472 disposed:false
568 silly fetch manifest is-extglob@^2.1.1
569 silly packumentCache full:https://registry.npmjs.org/is-extglob cache-miss
570 http cache https://registry.npmjs.org/is-glob 7ms (cache hit)
571 silly packumentCache full:https://registry.npmjs.org/is-glob set size:40530 disposed:false
572 silly fetch manifest braces@^3.0.3
573 silly packumentCache full:https://registry.npmjs.org/braces cache-miss
574 http fetch GET 200 https://registry.npmjs.org/braces 30ms (cache miss)
575 silly packumentCache full:https://registry.npmjs.org/braces set size:undefined disposed:false
576 silly fetch manifest picomatch@^2.3.1
577 silly packumentCache full:https://registry.npmjs.org/picomatch cache-miss
578 http cache https://registry.npmjs.org/picomatch 2ms (cache hit)
579 silly packumentCache full:https://registry.npmjs.org/picomatch set size:126376 disposed:false
580 silly fetch manifest resolve@^1.1.7
581 silly packumentCache full:https://registry.npmjs.org/resolve cache-miss
582 http fetch GET 200 https://registry.npmjs.org/merge2 29ms (cache miss)
583 silly packumentCache full:https://registry.npmjs.org/merge2 set size:undefined disposed:false
584 silly fetch manifest read-cache@^1.0.0
585 silly packumentCache full:https://registry.npmjs.org/read-cache cache-miss
586 http cache https://registry.npmjs.org/resolve 3ms (cache hit)
587 silly packumentCache full:https://registry.npmjs.org/resolve set size:244568 disposed:false
588 silly fetch manifest camelcase-css@^2.0.1
589 silly packumentCache full:https://registry.npmjs.org/camelcase-css cache-miss
590 http fetch GET 200 https://registry.npmjs.org/is-binary-path 43ms (cache miss)
591 silly packumentCache full:https://registry.npmjs.org/is-binary-path set size:undefined disposed:false
592 silly fetch manifest postcss-selector-parser@^6.1.1
593 silly packumentCache full:https://registry.npmjs.org/postcss-selector-parser cache-miss
594 http fetch GET 200 https://registry.npmjs.org/readdirp 44ms (cache miss)
595 silly packumentCache full:https://registry.npmjs.org/readdirp set size:undefined disposed:false
596 silly fetch manifest cssesc@^3.0.0
597 silly packumentCache full:https://registry.npmjs.org/cssesc cache-miss
598 http fetch GET 200 https://registry.npmjs.org/anymatch 46ms (cache miss)
599 silly packumentCache full:https://registry.npmjs.org/anymatch set size:undefined disposed:false
600 silly fetch manifest util-deprecate@^1.0.2
601 silly packumentCache full:https://registry.npmjs.org/util-deprecate cache-miss
602 http cache https://registry.npmjs.org/postcss-selector-parser 6ms (cache hit)
603 silly packumentCache full:https://registry.npmjs.org/postcss-selector-parser set size:177140 disposed:false
604 silly fetch manifest es-errors@^1.3.0
605 silly packumentCache full:https://registry.npmjs.org/es-errors cache-miss
606 http fetch GET 200 https://registry.npmjs.org/@nodelib%2ffs.stat 51ms (cache miss)
607 silly packumentCache full:https://registry.npmjs.org/@nodelib%2ffs.stat set size:undefined disposed:false
608 silly fetch manifest path-parse@^1.0.7
609 silly packumentCache full:https://registry.npmjs.org/path-parse cache-miss
610 http fetch GET 200 https://registry.npmjs.org/braces 46ms (cache miss)
611 silly packumentCache full:https://registry.npmjs.org/braces set size:undefined disposed:false
612 silly fetch manifest is-core-module@^2.16.1
613 silly packumentCache full:https://registry.npmjs.org/is-core-module cache-miss
614 http fetch GET 200 https://registry.npmjs.org/util-deprecate 36ms (cache miss)
615 silly packumentCache full:https://registry.npmjs.org/util-deprecate set size:undefined disposed:false
616 silly fetch manifest supports-preserve-symlinks-flag@^1.0.0
617 silly packumentCache full:https://registry.npmjs.org/supports-preserve-symlinks-flag cache-miss
618 http fetch GET 200 https://registry.npmjs.org/path-parse 31ms (cache miss)
619 silly packumentCache full:https://registry.npmjs.org/path-parse set size:undefined disposed:false
620 silly fetch manifest commander@^4.0.0
621 silly packumentCache full:https://registry.npmjs.org/commander cache-miss
622 http fetch GET 200 https://registry.npmjs.org/cssesc 41ms (cache miss)
623 silly packumentCache full:https://registry.npmjs.org/cssesc set size:undefined disposed:false
624 silly fetch manifest lines-and-columns@^1.1.6
625 silly packumentCache full:https://registry.npmjs.org/lines-and-columns cache-miss
626 http fetch GET 200 https://registry.npmjs.org/@nodelib%2ffs.walk 84ms (cache miss)
627 silly packumentCache full:https://registry.npmjs.org/@nodelib%2ffs.walk set size:undefined disposed:false
628 silly fetch manifest mz@^2.7.0
629 silly packumentCache full:https://registry.npmjs.org/mz cache-miss
630 http fetch GET 200 https://registry.npmjs.org/supports-preserve-symlinks-flag 30ms (cache miss)
631 silly packumentCache full:https://registry.npmjs.org/supports-preserve-symlinks-flag set size:undefined disposed:false
632 silly fetch manifest pirates@^4.0.1
633 silly packumentCache full:https://registry.npmjs.org/pirates cache-miss
634 http fetch GET 200 https://registry.npmjs.org/commander 51ms (cache miss)
635 silly packumentCache full:https://registry.npmjs.org/commander set size:undefined disposed:false
636 silly fetch manifest tinyglobby@^0.2.11
637 silly packumentCache full:https://registry.npmjs.org/tinyglobby cache-miss
638 http fetch GET 200 https://registry.npmjs.org/mz 50ms (cache miss)
639 silly packumentCache full:https://registry.npmjs.org/mz set size:undefined disposed:false
640 silly fetch manifest ts-interface-checker@^0.1.9
641 silly packumentCache full:https://registry.npmjs.org/ts-interface-checker cache-miss
642 http cache https://registry.npmjs.org/tinyglobby 2ms (cache hit)
643 silly packumentCache full:https://registry.npmjs.org/tinyglobby set size:52660 disposed:false
644 http fetch GET 200 https://registry.npmjs.org/lines-and-columns 59ms (cache miss)
645 silly packumentCache full:https://registry.npmjs.org/lines-and-columns set size:undefined disposed:false
646 http fetch GET 200 https://registry.npmjs.org/is-extglob 184ms (cache miss)
647 silly packumentCache full:https://registry.npmjs.org/is-extglob set size:undefined disposed:false
648 http fetch GET 200 https://registry.npmjs.org/read-cache 315ms (cache miss)
649 silly packumentCache full:https://registry.npmjs.org/read-cache set size:undefined disposed:false
650 http fetch GET 200 https://registry.npmjs.org/camelcase-css 328ms (cache miss)
651 silly packumentCache full:https://registry.npmjs.org/camelcase-css set size:undefined disposed:false
652 http fetch GET 200 https://registry.npmjs.org/es-errors 322ms (cache miss)
653 silly packumentCache full:https://registry.npmjs.org/es-errors set size:undefined disposed:false
654 http fetch GET 200 https://registry.npmjs.org/is-core-module 368ms (cache miss)
655 silly packumentCache full:https://registry.npmjs.org/is-core-module set size:undefined disposed:false
656 http fetch GET 200 https://registry.npmjs.org/pirates 353ms (cache miss)
657 silly packumentCache full:https://registry.npmjs.org/pirates set size:undefined disposed:false
658 http fetch GET 200 https://registry.npmjs.org/ts-interface-checker 344ms (cache miss)
659 silly packumentCache full:https://registry.npmjs.org/ts-interface-checker set size:undefined disposed:false
660 silly placeDep ROOT anymatch@3.1.3 OK for: chokidar@3.6.0 want: ~3.1.2
661 silly placeDep ROOT braces@3.0.3 OK for: chokidar@3.6.0 want: ~3.0.2
662 silly placeDep ROOT fsevents@2.3.3 OK for: chokidar@3.6.0 want: ~2.3.2
663 silly placeDep node_modules/chokidar glob-parent@5.1.2 OK for: chokidar@3.6.0 want: ~5.1.2
664 silly placeDep ROOT is-binary-path@2.1.0 OK for: chokidar@3.6.0 want: ~2.1.0
665 silly placeDep ROOT readdirp@3.6.0 OK for: chokidar@3.6.0 want: ~3.6.0
666 silly fetch manifest picomatch@^2.0.4
667 silly packumentCache full:https://registry.npmjs.org/picomatch cache-hit
668 silly fetch manifest fill-range@^7.1.1
669 silly packumentCache full:https://registry.npmjs.org/fill-range cache-miss
670 silly fetch manifest binary-extensions@^2.0.0
671 silly packumentCache full:https://registry.npmjs.org/binary-extensions cache-miss
672 silly fetch manifest picomatch@^2.2.1
673 silly packumentCache full:https://registry.npmjs.org/picomatch cache-hit
674 http fetch GET 200 https://registry.npmjs.org/binary-extensions 40ms (cache miss)
675 silly packumentCache full:https://registry.npmjs.org/binary-extensions set size:undefined disposed:false
676 http fetch GET 200 https://registry.npmjs.org/fill-range 53ms (cache miss)
677 silly packumentCache full:https://registry.npmjs.org/fill-range set size:undefined disposed:false
678 silly placeDep ROOT picomatch@2.3.2 OK for: anymatch@3.1.3 want: ^2.0.4
679 silly placeDep ROOT fill-range@7.1.1 OK for: braces@3.0.3 want: ^7.1.1
680 silly fetch manifest to-regex-range@^5.0.1
681 silly packumentCache full:https://registry.npmjs.org/to-regex-range cache-miss
682 http fetch GET 200 https://registry.npmjs.org/to-regex-range 200ms (cache miss)
683 silly packumentCache full:https://registry.npmjs.org/to-regex-range set size:undefined disposed:false
684 silly placeDep ROOT @nodelib/fs.stat@2.0.5 OK for: fast-glob@3.3.3 want: ^2.0.2
685 silly placeDep ROOT @nodelib/fs.walk@1.2.8 OK for: fast-glob@3.3.3 want: ^1.2.3
686 silly placeDep node_modules/fast-glob glob-parent@5.1.2 OK for: fast-glob@3.3.3 want: ^5.1.2
687 silly placeDep ROOT merge2@1.4.1 OK for: fast-glob@3.3.3 want: ^1.3.0
688 silly fetch manifest fastq@^1.6.0
689 silly packumentCache full:https://registry.npmjs.org/fastq cache-miss
690 silly fetch manifest @nodelib/fs.scandir@2.1.5
691 silly packumentCache full:https://registry.npmjs.org/@nodelib%2ffs.scandir cache-miss
692 http fetch GET 200 https://registry.npmjs.org/fastq 40ms (cache miss)
693 silly packumentCache full:https://registry.npmjs.org/fastq set size:undefined disposed:false
694 http fetch GET 200 https://registry.npmjs.org/@nodelib%2ffs.scandir 44ms (cache miss)
695 silly packumentCache full:https://registry.npmjs.org/@nodelib%2ffs.scandir set size:undefined disposed:false
696 silly placeDep ROOT @nodelib/fs.scandir@2.1.5 OK for: @nodelib/fs.walk@1.2.8 want: 2.1.5
697 silly placeDep ROOT fastq@1.20.1 OK for: @nodelib/fs.walk@1.2.8 want: ^1.6.0
698 silly fetch manifest run-parallel@^1.1.9
699 silly packumentCache full:https://registry.npmjs.org/run-parallel cache-miss
700 silly fetch manifest reusify@^1.0.4
701 silly packumentCache full:https://registry.npmjs.org/reusify cache-miss
702 http fetch GET 200 https://registry.npmjs.org/run-parallel 36ms (cache miss)
703 silly packumentCache full:https://registry.npmjs.org/run-parallel set size:undefined disposed:false
704 http fetch GET 200 https://registry.npmjs.org/reusify 94ms (cache miss)
705 silly packumentCache full:https://registry.npmjs.org/reusify set size:undefined disposed:false
706 silly placeDep ROOT run-parallel@1.2.0 OK for: @nodelib/fs.scandir@2.1.5 want: ^1.1.9
707 silly fetch manifest queue-microtask@^1.2.2
708 silly packumentCache full:https://registry.npmjs.org/queue-microtask cache-miss
709 http fetch GET 200 https://registry.npmjs.org/queue-microtask 41ms (cache miss)
710 silly packumentCache full:https://registry.npmjs.org/queue-microtask set size:undefined disposed:false
711 silly placeDep ROOT reusify@1.1.0 OK for: fastq@1.20.1 want: ^1.0.4
712 silly placeDep ROOT to-regex-range@5.0.1 OK for: fill-range@7.1.1 want: ^5.0.1
713 silly fetch manifest is-number@^7.0.0
714 silly packumentCache full:https://registry.npmjs.org/is-number cache-miss
715 http fetch GET 200 https://registry.npmjs.org/is-number 33ms (cache miss)
716 silly packumentCache full:https://registry.npmjs.org/is-number set size:undefined disposed:false
717 silly placeDep ROOT binary-extensions@2.3.0 OK for: is-binary-path@2.1.0 want: ^2.0.0
718 silly placeDep ROOT is-extglob@2.1.1 OK for: is-glob@4.0.3 want: ^2.1.1
719 silly placeDep ROOT read-cache@1.0.0 OK for: postcss-import@15.1.0 want: ^1.0.0
720 silly fetch manifest pify@^2.3.0
721 silly packumentCache full:https://registry.npmjs.org/pify cache-miss
722 http fetch GET 200 https://registry.npmjs.org/pify 32ms (cache miss)
723 silly packumentCache full:https://registry.npmjs.org/pify set size:undefined disposed:false
724 silly placeDep ROOT camelcase-css@2.0.1 OK for: postcss-js@4.1.0 want: ^2.0.1
725 silly placeDep ROOT cssesc@3.0.0 OK for: postcss-selector-parser@6.1.2 want: ^3.0.0
726 silly placeDep ROOT util-deprecate@1.0.2 OK for: postcss-selector-parser@6.1.2 want: ^1.0.2
727 silly placeDep ROOT pify@2.3.0 OK for: read-cache@1.0.0 want: ^2.3.0
728 silly placeDep ROOT es-errors@1.3.0 OK for: resolve@1.22.12 want: ^1.3.0
729 silly placeDep ROOT is-core-module@2.16.2 OK for: resolve@1.22.12 want: ^2.16.1
730 silly placeDep ROOT path-parse@1.0.7 OK for: resolve@1.22.12 want: ^1.0.7
731 silly placeDep ROOT supports-preserve-symlinks-flag@1.0.0 OK for: resolve@1.22.12 want: ^1.0.0
732 silly fetch manifest hasown@^2.0.3
733 silly packumentCache full:https://registry.npmjs.org/hasown cache-miss
734 http fetch GET 200 https://registry.npmjs.org/hasown 35ms (cache miss)
735 silly packumentCache full:https://registry.npmjs.org/hasown set size:undefined disposed:false
736 silly placeDep ROOT hasown@2.0.3 OK for: is-core-module@2.16.2 want: ^2.0.3
737 silly fetch manifest function-bind@^1.1.2
738 silly packumentCache full:https://registry.npmjs.org/function-bind cache-miss
739 http fetch GET 200 https://registry.npmjs.org/function-bind 187ms (cache miss)
740 silly packumentCache full:https://registry.npmjs.org/function-bind set size:undefined disposed:false
741 silly placeDep ROOT function-bind@1.1.2 OK for: hasown@2.0.3 want: ^1.1.2
742 silly placeDep ROOT queue-microtask@1.2.3 OK for: run-parallel@1.2.0 want: ^1.2.2
743 silly placeDep ROOT commander@4.1.1 OK for: sucrase@3.35.1 want: ^4.0.0
744 silly placeDep ROOT lines-and-columns@1.2.4 OK for: sucrase@3.35.1 want: ^1.1.6
745 silly placeDep ROOT mz@2.7.0 OK for: sucrase@3.35.1 want: ^2.7.0
746 silly placeDep ROOT pirates@4.0.7 OK for: sucrase@3.35.1 want: ^4.0.1
747 silly placeDep ROOT tinyglobby@0.2.16 OK for: sucrase@3.35.1 want: ^0.2.11
748 silly placeDep ROOT ts-interface-checker@0.1.13 OK for: sucrase@3.35.1 want: ^0.1.9
749 silly fetch manifest any-promise@^1.0.0
750 silly packumentCache full:https://registry.npmjs.org/any-promise cache-miss
751 silly fetch manifest object-assign@^4.0.1
752 silly packumentCache full:https://registry.npmjs.org/object-assign cache-miss
753 silly fetch manifest thenify-all@^1.0.0
754 silly packumentCache full:https://registry.npmjs.org/thenify-all cache-miss
755 silly fetch manifest picomatch@^4.0.4
756 silly packumentCache full:https://registry.npmjs.org/picomatch cache-hit
757 http fetch GET 200 https://registry.npmjs.org/object-assign 25ms (cache miss)
758 silly packumentCache full:https://registry.npmjs.org/object-assign set size:undefined disposed:false
759 http fetch GET 200 https://registry.npmjs.org/thenify-all 35ms (cache miss)
760 silly packumentCache full:https://registry.npmjs.org/thenify-all set size:undefined disposed:false
761 http fetch GET 200 https://registry.npmjs.org/any-promise 320ms (cache miss)
762 silly packumentCache full:https://registry.npmjs.org/any-promise set size:undefined disposed:false
763 silly placeDep ROOT any-promise@1.3.0 OK for: mz@2.7.0 want: ^1.0.0
764 silly placeDep ROOT object-assign@4.1.1 OK for: mz@2.7.0 want: ^4.0.1
765 silly placeDep ROOT thenify-all@1.6.0 OK for: mz@2.7.0 want: ^1.0.0
766 silly fetch manifest thenify@>= 3.1.0 < 4
767 silly packumentCache full:https://registry.npmjs.org/thenify cache-miss
768 http fetch GET 200 https://registry.npmjs.org/thenify 68ms (cache miss)
769 silly packumentCache full:https://registry.npmjs.org/thenify set size:undefined disposed:false
770 silly placeDep ROOT thenify@3.3.1 OK for: thenify-all@1.6.0 want: >= 3.1.0 < 4
771 silly placeDep node_modules/tinyglobby fdir@6.5.0 OK for: tinyglobby@0.2.16 want: ^6.5.0
772 silly placeDep node_modules/tinyglobby picomatch@4.0.4 OK for: fdir@6.5.0 want: ^3 || ^4
773 silly placeDep ROOT is-number@7.0.0 OK for: to-regex-range@5.0.1 want: ^7.0.0
774 silly placeDep ROOT escalade@3.2.0 OK for: update-browserslist-db@1.2.3 want: ^3.2.0
775 silly placeDep ROOT esbuild@0.27.7 OK for: vite@7.3.3 want: ^0.27.0
776 silly placeDep node_modules/vite fdir@6.5.0 OK for: vite@7.3.3 want: ^6.5.0
777 silly placeDep node_modules/vite picomatch@4.0.4 OK for: fdir@6.5.0 want: ^3 || ^4
778 silly placeDep ROOT rollup@4.60.4 OK for: vite@7.3.3 want: ^4.43.0
779 silly fetch manifest @esbuild/aix-ppc64@0.27.7
780 silly packumentCache full:https://registry.npmjs.org/@esbuild%2faix-ppc64 cache-miss
781 silly fetch manifest @esbuild/linux-arm@0.27.7
782 silly packumentCache full:https://registry.npmjs.org/@esbuild%2flinux-arm cache-miss
783 silly fetch manifest @esbuild/linux-x64@0.27.7
784 silly packumentCache full:https://registry.npmjs.org/@esbuild%2flinux-x64 cache-miss
785 silly fetch manifest @esbuild/sunos-x64@0.27.7
786 silly packumentCache full:https://registry.npmjs.org/@esbuild%2fsunos-x64 cache-miss
787 silly fetch manifest @esbuild/win32-x64@0.27.7
788 silly packumentCache full:https://registry.npmjs.org/@esbuild%2fwin32-x64 cache-miss
789 silly fetch manifest @esbuild/darwin-x64@0.27.7
790 silly packumentCache full:https://registry.npmjs.org/@esbuild%2fdarwin-x64 cache-miss
791 silly fetch manifest @esbuild/linux-ia32@0.27.7
792 silly packumentCache full:https://registry.npmjs.org/@esbuild%2flinux-ia32 cache-miss
793 silly fetch manifest @esbuild/netbsd-x64@0.27.7
794 silly packumentCache full:https://registry.npmjs.org/@esbuild%2fnetbsd-x64 cache-miss
795 silly fetch manifest @esbuild/win32-ia32@0.27.7
796 silly packumentCache full:https://registry.npmjs.org/@esbuild%2fwin32-ia32 cache-miss
797 http fetch GET 200 https://registry.npmjs.org/@esbuild%2fsunos-x64 68ms (cache miss)
798 silly packumentCache full:https://registry.npmjs.org/@esbuild%2fsunos-x64 set size:undefined disposed:false
799 silly fetch manifest @esbuild/android-arm@0.27.7
800 silly packumentCache full:https://registry.npmjs.org/@esbuild%2fandroid-arm cache-miss
801 http fetch GET 200 https://registry.npmjs.org/@esbuild%2flinux-arm 220ms (cache miss)
802 silly packumentCache full:https://registry.npmjs.org/@esbuild%2flinux-arm set size:undefined disposed:false
803 silly fetch manifest @esbuild/android-x64@0.27.7
804 silly packumentCache full:https://registry.npmjs.org/@esbuild%2fandroid-x64 cache-miss
805 http fetch GET 200 https://registry.npmjs.org/@esbuild%2faix-ppc64 228ms (cache miss)
806 silly packumentCache full:https://registry.npmjs.org/@esbuild%2faix-ppc64 set size:undefined disposed:false
807 silly fetch manifest @esbuild/freebsd-x64@0.27.7
808 silly packumentCache full:https://registry.npmjs.org/@esbuild%2ffreebsd-x64 cache-miss
809 http fetch GET 200 https://registry.npmjs.org/@esbuild%2fwin32-ia32 272ms (cache miss)
810 silly packumentCache full:https://registry.npmjs.org/@esbuild%2fwin32-ia32 set size:undefined disposed:false
811 silly fetch manifest @esbuild/linux-arm64@0.27.7
812 silly packumentCache full:https://registry.npmjs.org/@esbuild%2flinux-arm64 cache-miss
813 http fetch GET 200 https://registry.npmjs.org/@esbuild%2fandroid-arm 221ms (cache miss)
814 silly packumentCache full:https://registry.npmjs.org/@esbuild%2fandroid-arm set size:undefined disposed:false
815 silly fetch manifest @esbuild/linux-ppc64@0.27.7
816 silly packumentCache full:https://registry.npmjs.org/@esbuild%2flinux-ppc64 cache-miss
817 http fetch GET 200 https://registry.npmjs.org/@esbuild%2ffreebsd-x64 67ms (cache miss)
818 silly packumentCache full:https://registry.npmjs.org/@esbuild%2ffreebsd-x64 set size:undefined disposed:false
819 silly fetch manifest @esbuild/linux-s390x@0.27.7
820 silly packumentCache full:https://registry.npmjs.org/@esbuild%2flinux-s390x cache-miss
821 http fetch GET 200 https://registry.npmjs.org/@esbuild%2fdarwin-x64 346ms (cache miss)
822 silly packumentCache full:https://registry.npmjs.org/@esbuild%2fdarwin-x64 set size:undefined disposed:false
823 silly fetch manifest @esbuild/openbsd-x64@0.27.7
824 silly packumentCache full:https://registry.npmjs.org/@esbuild%2fopenbsd-x64 cache-miss
825 http fetch GET 200 https://registry.npmjs.org/@esbuild%2flinux-s390x 75ms (cache miss)
826 silly packumentCache full:https://registry.npmjs.org/@esbuild%2flinux-s390x set size:undefined disposed:false
827 silly fetch manifest @esbuild/win32-arm64@0.27.7
828 silly packumentCache full:https://registry.npmjs.org/@esbuild%2fwin32-arm64 cache-miss
829 http fetch GET 200 https://registry.npmjs.org/@esbuild%2fwin32-x64 421ms (cache miss)
830 silly packumentCache full:https://registry.npmjs.org/@esbuild%2fwin32-x64 set size:undefined disposed:false
831 silly fetch manifest @esbuild/darwin-arm64@0.27.7
832 silly packumentCache full:https://registry.npmjs.org/@esbuild%2fdarwin-arm64 cache-miss
833 http fetch GET 200 https://registry.npmjs.org/@esbuild%2fandroid-x64 228ms (cache miss)
834 silly packumentCache full:https://registry.npmjs.org/@esbuild%2fandroid-x64 set size:undefined disposed:false
835 silly fetch manifest @esbuild/netbsd-arm64@0.27.7
836 silly packumentCache full:https://registry.npmjs.org/@esbuild%2fnetbsd-arm64 cache-miss
837 http fetch GET 200 https://registry.npmjs.org/@esbuild%2flinux-x64 529ms (cache miss)
838 silly packumentCache full:https://registry.npmjs.org/@esbuild%2flinux-x64 set size:undefined disposed:false
839 silly fetch manifest @esbuild/android-arm64@0.27.7
840 silly packumentCache full:https://registry.npmjs.org/@esbuild%2fandroid-arm64 cache-miss
841 http fetch GET 200 https://registry.npmjs.org/@esbuild%2fnetbsd-x64 534ms (cache miss)
842 silly packumentCache full:https://registry.npmjs.org/@esbuild%2fnetbsd-x64 set size:undefined disposed:false
843 silly fetch manifest @esbuild/freebsd-arm64@0.27.7
844 silly packumentCache full:https://registry.npmjs.org/@esbuild%2ffreebsd-arm64 cache-miss
845 http fetch GET 200 https://registry.npmjs.org/@esbuild%2flinux-ia32 540ms (cache miss)
846 silly packumentCache full:https://registry.npmjs.org/@esbuild%2flinux-ia32 set size:undefined disposed:false
847 silly fetch manifest @esbuild/linux-loong64@0.27.7
848 silly packumentCache full:https://registry.npmjs.org/@esbuild%2flinux-loong64 cache-miss
849 http fetch GET 200 https://registry.npmjs.org/@esbuild%2fwin32-arm64 282ms (cache miss)
850 silly packumentCache full:https://registry.npmjs.org/@esbuild%2fwin32-arm64 set size:undefined disposed:false
851 silly fetch manifest @esbuild/linux-riscv64@0.27.7
852 silly packumentCache full:https://registry.npmjs.org/@esbuild%2flinux-riscv64 cache-miss
853 http fetch GET 200 https://registry.npmjs.org/@esbuild%2flinux-arm64 384ms (cache miss)
854 silly packumentCache full:https://registry.npmjs.org/@esbuild%2flinux-arm64 set size:undefined disposed:false
855 silly fetch manifest @esbuild/openbsd-arm64@0.27.7
856 silly packumentCache full:https://registry.npmjs.org/@esbuild%2fopenbsd-arm64 cache-miss
857 http fetch GET 200 https://registry.npmjs.org/@esbuild%2fdarwin-arm64 249ms (cache miss)
858 silly packumentCache full:https://registry.npmjs.org/@esbuild%2fdarwin-arm64 set size:undefined disposed:false
859 silly fetch manifest @esbuild/linux-mips64el@0.27.7
860 silly packumentCache full:https://registry.npmjs.org/@esbuild%2flinux-mips64el cache-miss
861 http fetch GET 200 https://registry.npmjs.org/@esbuild%2fnetbsd-arm64 249ms (cache miss)
862 silly packumentCache full:https://registry.npmjs.org/@esbuild%2fnetbsd-arm64 set size:undefined disposed:false
863 silly fetch manifest @esbuild/openharmony-arm64@0.27.7
864 silly packumentCache full:https://registry.npmjs.org/@esbuild%2fopenharmony-arm64 cache-miss
865 http fetch GET 200 https://registry.npmjs.org/@esbuild%2ffreebsd-arm64 238ms (cache miss)
866 silly packumentCache full:https://registry.npmjs.org/@esbuild%2ffreebsd-arm64 set size:undefined disposed:false
867 silly fetch manifest @types/estree@1.0.8
868 silly packumentCache full:https://registry.npmjs.org/@types%2festree cache-miss
869 http fetch GET 200 https://registry.npmjs.org/@esbuild%2flinux-ppc64 544ms (cache miss)
870 silly packumentCache full:https://registry.npmjs.org/@esbuild%2flinux-ppc64 set size:undefined disposed:false
871 silly fetch manifest @rollup/rollup-darwin-arm64@4.60.4
872 silly packumentCache full:https://registry.npmjs.org/@rollup%2frollup-darwin-arm64 cache-miss
873 http fetch GET 200 https://registry.npmjs.org/@esbuild%2fopenbsd-x64 528ms (cache miss)
874 silly packumentCache full:https://registry.npmjs.org/@esbuild%2fopenbsd-x64 set size:undefined disposed:false
875 silly fetch manifest @rollup/rollup-android-arm64@4.60.4
876 silly packumentCache full:https://registry.npmjs.org/@rollup%2frollup-android-arm64 cache-miss
877 http fetch GET 200 https://registry.npmjs.org/@esbuild%2flinux-loong64 387ms (cache miss)
878 silly packumentCache full:https://registry.npmjs.org/@esbuild%2flinux-loong64 set size:undefined disposed:false
879 silly fetch manifest @rollup/rollup-win32-arm64-msvc@4.60.4
880 silly packumentCache full:https://registry.npmjs.org/@rollup%2frollup-win32-arm64-msvc cache-miss
881 http fetch GET 200 https://registry.npmjs.org/@esbuild%2flinux-mips64el 262ms (cache miss)
882 silly packumentCache full:https://registry.npmjs.org/@esbuild%2flinux-mips64el set size:undefined disposed:false
883 silly fetch manifest @rollup/rollup-freebsd-arm64@4.60.4
884 silly packumentCache full:https://registry.npmjs.org/@rollup%2frollup-freebsd-arm64 cache-miss
885 http fetch GET 200 https://registry.npmjs.org/@esbuild%2flinux-riscv64 280ms (cache miss)
886 silly packumentCache full:https://registry.npmjs.org/@esbuild%2flinux-riscv64 set size:undefined disposed:false
887 silly fetch manifest @rollup/rollup-linux-arm64-gnu@4.60.4
888 silly packumentCache full:https://registry.npmjs.org/@rollup%2frollup-linux-arm64-gnu cache-miss
889 http fetch GET 200 https://registry.npmjs.org/@esbuild%2fopenharmony-arm64 236ms (cache miss)
890 silly packumentCache full:https://registry.npmjs.org/@esbuild%2fopenharmony-arm64 set size:undefined disposed:false
891 silly fetch manifest @rollup/rollup-linux-arm64-musl@4.60.4
892 silly packumentCache full:https://registry.npmjs.org/@rollup%2frollup-linux-arm64-musl cache-miss
893 http fetch GET 200 https://registry.npmjs.org/@rollup%2frollup-android-arm64 75ms (cache miss)
894 silly packumentCache full:https://registry.npmjs.org/@rollup%2frollup-android-arm64 set size:undefined disposed:false
895 silly fetch manifest @rollup/rollup-android-arm-eabi@4.60.4
896 silly packumentCache full:https://registry.npmjs.org/@rollup%2frollup-android-arm-eabi cache-miss
897 http fetch GET 200 https://registry.npmjs.org/@rollup%2frollup-linux-arm64-musl 68ms (cache miss)
898 silly packumentCache full:https://registry.npmjs.org/@rollup%2frollup-linux-arm64-musl set size:undefined disposed:false
899 silly fetch manifest @rollup/rollup-linux-arm-gnueabihf@4.60.4
900 silly packumentCache full:https://registry.npmjs.org/@rollup%2frollup-linux-arm-gnueabihf cache-miss
901 http fetch GET 200 https://registry.npmjs.org/@rollup%2frollup-linux-arm-gnueabihf 68ms (cache miss)
902 silly packumentCache full:https://registry.npmjs.org/@rollup%2frollup-linux-arm-gnueabihf set size:undefined disposed:false
903 silly fetch manifest @rollup/rollup-linux-arm-musleabihf@4.60.4
904 silly packumentCache full:https://registry.npmjs.org/@rollup%2frollup-linux-arm-musleabihf cache-miss
905 http fetch GET 200 https://registry.npmjs.org/@rollup%2frollup-darwin-arm64 257ms (cache miss)
906 silly packumentCache full:https://registry.npmjs.org/@rollup%2frollup-darwin-arm64 set size:undefined disposed:false
907 silly fetch manifest @rollup/rollup-win32-ia32-msvc@4.60.4
908 silly packumentCache full:https://registry.npmjs.org/@rollup%2frollup-win32-ia32-msvc cache-miss
909 http fetch GET 200 https://registry.npmjs.org/@rollup%2frollup-freebsd-arm64 161ms (cache miss)
910 silly packumentCache full:https://registry.npmjs.org/@rollup%2frollup-freebsd-arm64 set size:undefined disposed:false
911 silly fetch manifest @rollup/rollup-linux-loong64-gnu@4.60.4
912 silly packumentCache full:https://registry.npmjs.org/@rollup%2frollup-linux-loong64-gnu cache-miss
913 http fetch GET 200 https://registry.npmjs.org/@rollup%2frollup-linux-arm-musleabihf 57ms (cache miss)
914 silly packumentCache full:https://registry.npmjs.org/@rollup%2frollup-linux-arm-musleabihf set size:undefined disposed:false
915 silly fetch manifest @rollup/rollup-linux-loong64-musl@4.60.4
916 silly packumentCache full:https://registry.npmjs.org/@rollup%2frollup-linux-loong64-musl cache-miss
917 http fetch GET 200 https://registry.npmjs.org/@types%2festree 374ms (cache miss)
918 silly packumentCache full:https://registry.npmjs.org/@types%2festree set size:undefined disposed:false
919 silly fetch manifest @rollup/rollup-linux-riscv64-gnu@4.60.4
920 silly packumentCache full:https://registry.npmjs.org/@rollup%2frollup-linux-riscv64-gnu cache-miss
921 http fetch GET 200 https://registry.npmjs.org/@rollup%2frollup-win32-ia32-msvc 60ms (cache miss)
922 silly packumentCache full:https://registry.npmjs.org/@rollup%2frollup-win32-ia32-msvc set size:undefined disposed:false
923 silly fetch manifest @rollup/rollup-linux-riscv64-musl@4.60.4
924 silly packumentCache full:https://registry.npmjs.org/@rollup%2frollup-linux-riscv64-musl cache-miss
925 http fetch GET 200 https://registry.npmjs.org/@rollup%2frollup-win32-arm64-msvc 233ms (cache miss)
926 silly packumentCache full:https://registry.npmjs.org/@rollup%2frollup-win32-arm64-msvc set size:undefined disposed:false
927 silly fetch manifest @rollup/rollup-linux-ppc64-gnu@4.60.4
928 silly packumentCache full:https://registry.npmjs.org/@rollup%2frollup-linux-ppc64-gnu cache-miss
929 http fetch GET 200 https://registry.npmjs.org/@rollup%2frollup-android-arm-eabi 232ms (cache miss)
930 silly packumentCache full:https://registry.npmjs.org/@rollup%2frollup-android-arm-eabi set size:undefined disposed:false
931 silly fetch manifest @rollup/rollup-linux-ppc64-musl@4.60.4
932 silly packumentCache full:https://registry.npmjs.org/@rollup%2frollup-linux-ppc64-musl cache-miss
933 http fetch GET 200 https://registry.npmjs.org/@rollup%2frollup-linux-arm64-gnu 255ms (cache miss)
934 silly packumentCache full:https://registry.npmjs.org/@rollup%2frollup-linux-arm64-gnu set size:undefined disposed:false
935 silly fetch manifest @rollup/rollup-linux-s390x-gnu@4.60.4
936 silly packumentCache full:https://registry.npmjs.org/@rollup%2frollup-linux-s390x-gnu cache-miss
937 http fetch GET 200 https://registry.npmjs.org/@esbuild%2fopenbsd-arm64 535ms (cache miss)
938 silly packumentCache full:https://registry.npmjs.org/@esbuild%2fopenbsd-arm64 set size:undefined disposed:false
939 silly fetch manifest @rollup/rollup-darwin-x64@4.60.4
940 silly packumentCache full:https://registry.npmjs.org/@rollup%2frollup-darwin-x64 cache-miss
941 http fetch GET 200 https://registry.npmjs.org/@rollup%2frollup-linux-riscv64-musl 59ms (cache miss)
942 silly packumentCache full:https://registry.npmjs.org/@rollup%2frollup-linux-riscv64-musl set size:undefined disposed:false
943 silly fetch manifest @rollup/rollup-win32-x64-gnu@4.60.4
944 silly packumentCache full:https://registry.npmjs.org/@rollup%2frollup-win32-x64-gnu cache-miss
945 http fetch GET 200 https://registry.npmjs.org/@rollup%2frollup-linux-riscv64-gnu 68ms (cache miss)
946 silly packumentCache full:https://registry.npmjs.org/@rollup%2frollup-linux-riscv64-gnu set size:undefined disposed:false
947 silly fetch manifest @rollup/rollup-win32-x64-msvc@4.60.4
948 silly packumentCache full:https://registry.npmjs.org/@rollup%2frollup-win32-x64-msvc cache-miss
949 http fetch GET 200 https://registry.npmjs.org/@rollup%2frollup-win32-x64-msvc 65ms (cache miss)
950 silly packumentCache full:https://registry.npmjs.org/@rollup%2frollup-win32-x64-msvc set size:undefined disposed:false
951 silly fetch manifest @rollup/rollup-freebsd-x64@4.60.4
952 silly packumentCache full:https://registry.npmjs.org/@rollup%2frollup-freebsd-x64 cache-miss
953 http fetch GET 200 https://registry.npmjs.org/@rollup%2frollup-freebsd-x64 55ms (cache miss)
954 silly packumentCache full:https://registry.npmjs.org/@rollup%2frollup-freebsd-x64 set size:undefined disposed:false
955 silly fetch manifest @rollup/rollup-linux-x64-gnu@4.60.4
956 silly packumentCache full:https://registry.npmjs.org/@rollup%2frollup-linux-x64-gnu cache-miss
957 http fetch GET 200 https://registry.npmjs.org/@rollup%2frollup-linux-loong64-musl 212ms (cache miss)
958 silly packumentCache full:https://registry.npmjs.org/@rollup%2frollup-linux-loong64-musl set size:undefined disposed:false
959 silly fetch manifest @rollup/rollup-linux-x64-musl@4.60.4
960 silly packumentCache full:https://registry.npmjs.org/@rollup%2frollup-linux-x64-musl cache-miss
961 http fetch GET 200 https://registry.npmjs.org/@rollup%2frollup-linux-loong64-gnu 262ms (cache miss)
962 silly packumentCache full:https://registry.npmjs.org/@rollup%2frollup-linux-loong64-gnu set size:undefined disposed:false
963 silly fetch manifest @rollup/rollup-openbsd-x64@4.60.4
964 silly packumentCache full:https://registry.npmjs.org/@rollup%2frollup-openbsd-x64 cache-miss
965 http fetch GET 200 https://registry.npmjs.org/@rollup%2frollup-linux-ppc64-musl 205ms (cache miss)
966 silly packumentCache full:https://registry.npmjs.org/@rollup%2frollup-linux-ppc64-musl set size:undefined disposed:false
967 silly fetch manifest @rollup/rollup-openharmony-arm64@4.60.4
968 silly packumentCache full:https://registry.npmjs.org/@rollup%2frollup-openharmony-arm64 cache-miss
969 http fetch GET 200 https://registry.npmjs.org/@rollup%2frollup-linux-ppc64-gnu 231ms (cache miss)
970 silly packumentCache full:https://registry.npmjs.org/@rollup%2frollup-linux-ppc64-gnu set size:undefined disposed:false
971 http fetch GET 200 https://registry.npmjs.org/@esbuild%2fandroid-arm64 868ms (cache miss)
972 silly packumentCache full:https://registry.npmjs.org/@esbuild%2fandroid-arm64 set size:undefined disposed:false
973 http fetch GET 200 https://registry.npmjs.org/@rollup%2frollup-linux-x64-gnu 65ms (cache miss)
974 silly packumentCache full:https://registry.npmjs.org/@rollup%2frollup-linux-x64-gnu set size:undefined disposed:false
975 http fetch GET 200 https://registry.npmjs.org/@rollup%2frollup-linux-x64-musl 74ms (cache miss)
976 silly packumentCache full:https://registry.npmjs.org/@rollup%2frollup-linux-x64-musl set size:undefined disposed:false
977 http fetch GET 200 https://registry.npmjs.org/@rollup%2frollup-linux-s390x-gnu 234ms (cache miss)
978 silly packumentCache full:https://registry.npmjs.org/@rollup%2frollup-linux-s390x-gnu set size:undefined disposed:false
979 http fetch GET 200 https://registry.npmjs.org/@rollup%2frollup-openharmony-arm64 51ms (cache miss)
980 silly packumentCache full:https://registry.npmjs.org/@rollup%2frollup-openharmony-arm64 set size:undefined disposed:false
981 http fetch GET 200 https://registry.npmjs.org/@rollup%2frollup-win32-x64-gnu 270ms (cache miss)
982 silly packumentCache full:https://registry.npmjs.org/@rollup%2frollup-win32-x64-gnu set size:undefined disposed:false
983 http fetch GET 200 https://registry.npmjs.org/@rollup%2frollup-darwin-x64 553ms (cache miss)
984 silly packumentCache full:https://registry.npmjs.org/@rollup%2frollup-darwin-x64 set size:undefined disposed:false
985 http fetch GET 200 https://registry.npmjs.org/@rollup%2frollup-openbsd-x64 530ms (cache miss)
986 silly packumentCache full:https://registry.npmjs.org/@rollup%2frollup-openbsd-x64 set size:undefined disposed:false
987 silly placeDep ROOT @esbuild/aix-ppc64@0.27.7 OK for: esbuild@0.27.7 want: 0.27.7
988 silly placeDep ROOT @esbuild/android-arm@0.27.7 OK for: esbuild@0.27.7 want: 0.27.7
989 silly placeDep ROOT @esbuild/android-arm64@0.27.7 OK for: esbuild@0.27.7 want: 0.27.7
990 silly placeDep ROOT @esbuild/android-x64@0.27.7 OK for: esbuild@0.27.7 want: 0.27.7
991 silly placeDep ROOT @esbuild/darwin-arm64@0.27.7 OK for: esbuild@0.27.7 want: 0.27.7
992 silly placeDep ROOT @esbuild/darwin-x64@0.27.7 OK for: esbuild@0.27.7 want: 0.27.7
993 silly placeDep ROOT @esbuild/freebsd-arm64@0.27.7 OK for: esbuild@0.27.7 want: 0.27.7
994 silly placeDep ROOT @esbuild/freebsd-x64@0.27.7 OK for: esbuild@0.27.7 want: 0.27.7
995 silly placeDep ROOT @esbuild/linux-arm@0.27.7 OK for: esbuild@0.27.7 want: 0.27.7
996 silly placeDep ROOT @esbuild/linux-arm64@0.27.7 OK for: esbuild@0.27.7 want: 0.27.7
997 silly placeDep ROOT @esbuild/linux-ia32@0.27.7 OK for: esbuild@0.27.7 want: 0.27.7
998 silly placeDep ROOT @esbuild/linux-loong64@0.27.7 OK for: esbuild@0.27.7 want: 0.27.7
999 silly placeDep ROOT @esbuild/linux-mips64el@0.27.7 OK for: esbuild@0.27.7 want: 0.27.7
1000 silly placeDep ROOT @esbuild/linux-ppc64@0.27.7 OK for: esbuild@0.27.7 want: 0.27.7
1001 silly placeDep ROOT @esbuild/linux-riscv64@0.27.7 OK for: esbuild@0.27.7 want: 0.27.7
1002 silly placeDep ROOT @esbuild/linux-s390x@0.27.7 OK for: esbuild@0.27.7 want: 0.27.7
1003 silly placeDep ROOT @esbuild/linux-x64@0.27.7 OK for: esbuild@0.27.7 want: 0.27.7
1004 silly placeDep ROOT @esbuild/netbsd-arm64@0.27.7 OK for: esbuild@0.27.7 want: 0.27.7
1005 silly placeDep ROOT @esbuild/netbsd-x64@0.27.7 OK for: esbuild@0.27.7 want: 0.27.7
1006 silly placeDep ROOT @esbuild/openbsd-arm64@0.27.7 OK for: esbuild@0.27.7 want: 0.27.7
1007 silly placeDep ROOT @esbuild/openbsd-x64@0.27.7 OK for: esbuild@0.27.7 want: 0.27.7
1008 silly placeDep ROOT @esbuild/openharmony-arm64@0.27.7 OK for: esbuild@0.27.7 want: 0.27.7
1009 silly placeDep ROOT @esbuild/sunos-x64@0.27.7 OK for: esbuild@0.27.7 want: 0.27.7
1010 silly placeDep ROOT @esbuild/win32-arm64@0.27.7 OK for: esbuild@0.27.7 want: 0.27.7
1011 silly placeDep ROOT @esbuild/win32-ia32@0.27.7 OK for: esbuild@0.27.7 want: 0.27.7
1012 silly placeDep ROOT @esbuild/win32-x64@0.27.7 OK for: esbuild@0.27.7 want: 0.27.7
1013 silly placeDep ROOT @rollup/rollup-android-arm-eabi@4.60.4 OK for: rollup@4.60.4 want: 4.60.4
1014 silly placeDep ROOT @rollup/rollup-android-arm64@4.60.4 OK for: rollup@4.60.4 want: 4.60.4
1015 silly placeDep ROOT @rollup/rollup-darwin-arm64@4.60.4 OK for: rollup@4.60.4 want: 4.60.4
1016 silly placeDep ROOT @rollup/rollup-darwin-x64@4.60.4 OK for: rollup@4.60.4 want: 4.60.4
1017 silly placeDep ROOT @rollup/rollup-freebsd-arm64@4.60.4 OK for: rollup@4.60.4 want: 4.60.4
1018 silly placeDep ROOT @rollup/rollup-freebsd-x64@4.60.4 OK for: rollup@4.60.4 want: 4.60.4
1019 silly placeDep ROOT @rollup/rollup-linux-arm-gnueabihf@4.60.4 OK for: rollup@4.60.4 want: 4.60.4
1020 silly placeDep ROOT @rollup/rollup-linux-arm-musleabihf@4.60.4 OK for: rollup@4.60.4 want: 4.60.4
1021 silly placeDep ROOT @rollup/rollup-linux-arm64-gnu@4.60.4 OK for: rollup@4.60.4 want: 4.60.4
1022 silly placeDep ROOT @rollup/rollup-linux-arm64-musl@4.60.4 OK for: rollup@4.60.4 want: 4.60.4
1023 silly placeDep ROOT @rollup/rollup-linux-loong64-gnu@4.60.4 OK for: rollup@4.60.4 want: 4.60.4
1024 silly placeDep ROOT @rollup/rollup-linux-loong64-musl@4.60.4 OK for: rollup@4.60.4 want: 4.60.4
1025 silly placeDep ROOT @rollup/rollup-linux-ppc64-gnu@4.60.4 OK for: rollup@4.60.4 want: 4.60.4
1026 silly placeDep ROOT @rollup/rollup-linux-ppc64-musl@4.60.4 OK for: rollup@4.60.4 want: 4.60.4
1027 silly placeDep ROOT @rollup/rollup-linux-riscv64-gnu@4.60.4 OK for: rollup@4.60.4 want: 4.60.4
1028 silly placeDep ROOT @rollup/rollup-linux-riscv64-musl@4.60.4 OK for: rollup@4.60.4 want: 4.60.4
1029 silly placeDep ROOT @rollup/rollup-linux-s390x-gnu@4.60.4 OK for: rollup@4.60.4 want: 4.60.4
1030 silly placeDep ROOT @rollup/rollup-linux-x64-gnu@4.60.4 OK for: rollup@4.60.4 want: 4.60.4
1031 silly placeDep ROOT @rollup/rollup-linux-x64-musl@4.60.4 OK for: rollup@4.60.4 want: 4.60.4
1032 silly placeDep ROOT @rollup/rollup-openbsd-x64@4.60.4 OK for: rollup@4.60.4 want: 4.60.4
1033 silly placeDep ROOT @rollup/rollup-openharmony-arm64@4.60.4 OK for: rollup@4.60.4 want: 4.60.4
1034 silly placeDep ROOT @rollup/rollup-win32-arm64-msvc@4.60.4 OK for: rollup@4.60.4 want: 4.60.4
1035 silly placeDep ROOT @rollup/rollup-win32-ia32-msvc@4.60.4 OK for: rollup@4.60.4 want: 4.60.4
1036 silly placeDep ROOT @rollup/rollup-win32-x64-gnu@4.60.4 OK for: rollup@4.60.4 want: 4.60.4
1037 silly placeDep ROOT @rollup/rollup-win32-x64-msvc@4.60.4 OK for: rollup@4.60.4 want: 4.60.4
1038 silly placeDep ROOT @types/estree@1.0.8 OK for: rollup@4.60.4 want: 1.0.8
1039 silly reify moves {}
1040 silly audit bulk request {
1040 silly audit   '@vitejs/plugin-react': [ '5.2.0' ],
1040 silly audit   vite: [ '7.3.3' ],
1040 silly audit   autoprefixer: [ '10.5.0' ],
1040 silly audit   postcss: [ '8.5.14' ],
1040 silly audit   react: [ '19.2.6' ],
1040 silly audit   'react-dom': [ '19.2.6' ],
1040 silly audit   tailwindcss: [ '3.4.19' ],
1040 silly audit   '@babel/core': [ '7.29.0' ],
1040 silly audit   '@babel/plugin-transform-react-jsx-self': [ '7.27.1' ],
1040 silly audit   '@babel/plugin-transform-react-jsx-source': [ '7.27.1' ],
1040 silly audit   '@rolldown/pluginutils': [ '1.0.0-rc.3' ],
1040 silly audit   '@types/babel__core': [ '7.20.5' ],
1040 silly audit   'react-refresh': [ '0.18.0' ],
1040 silly audit   '@babel/code-frame': [ '7.29.0' ],
1040 silly audit   '@babel/generator': [ '7.29.1' ],
1040 silly audit   '@babel/helper-compilation-targets': [ '7.28.6' ],
1040 silly audit   '@babel/helper-module-transforms': [ '7.28.6' ],
1040 silly audit   '@babel/helpers': [ '7.29.2' ],
1040 silly audit   '@babel/parser': [ '7.29.3' ],
1040 silly audit   '@babel/template': [ '7.28.6' ],
1040 silly audit   '@babel/traverse': [ '7.29.0' ],
1040 silly audit   '@babel/types': [ '7.29.0' ],
1040 silly audit   '@jridgewell/remapping': [ '2.3.5' ],
1040 silly audit   'convert-source-map': [ '2.0.0' ],
1040 silly audit   debug: [ '4.4.3' ],
1040 silly audit   gensync: [ '1.0.0-beta.2' ],
1040 silly audit   json5: [ '2.2.3' ],
1040 silly audit   semver: [ '6.3.1' ],
1040 silly audit   '@babel/helper-validator-identifier': [ '7.28.5' ],
1040 silly audit   'js-tokens': [ '4.0.0' ],
1040 silly audit   picocolors: [ '1.1.1' ],
1040 silly audit   '@jridgewell/gen-mapping': [ '0.3.13' ],
1040 silly audit   '@jridgewell/trace-mapping': [ '0.3.31' ],
1040 silly audit   jsesc: [ '3.1.0' ],
1040 silly audit   '@babel/compat-data': [ '7.29.3' ],
1040 silly audit   '@babel/helper-validator-option': [ '7.27.1' ],
1040 silly audit   browserslist: [ '4.28.2' ],
1040 silly audit   'lru-cache': [ '5.1.1' ],
1040 silly audit   '@babel/helper-module-imports': [ '7.28.6' ],
1040 silly audit   '@babel/helper-plugin-utils': [ '7.28.6' ],
1040 silly audit   '@babel/helper-globals': [ '7.28.0' ],
1040 silly audit   '@babel/helper-string-parser': [ '7.27.1' ],
1040 silly audit   '@jridgewell/sourcemap-codec': [ '1.5.5' ],
1040 silly audit   '@jridgewell/resolve-uri': [ '3.1.2' ],
1040 silly audit   '@types/babel__generator': [ '7.27.0' ],
1040 silly audit   '@types/babel__template': [ '7.4.4' ],
1040 silly audit   '@types/babel__traverse': [ '7.28.0' ],
1040 silly audit   'caniuse-lite': [ '1.0.30001793' ],
1040 silly audit   'fraction.js': [ '5.3.4' ],
1040 silly audit   'postcss-value-parser': [ '4.2.0' ],
1040 silly audit   'baseline-browser-mapping': [ '2.10.30' ],
1040 silly audit   'electron-to-chromium': [ '1.5.357' ],
1040 silly audit   'node-releases': [ '2.0.44' ],
1040 silly audit   'update-browserslist-db': [ '1.2.3' ],
1040 silly audit   ms: [ '2.1.3' ],
1040 silly audit   yallist: [ '3.1.1' ],
1040 silly audit   nanoid: [ '3.3.12' ],
1040 silly audit   'source-map-js': [ '1.2.1' ],
1040 silly audit   scheduler: [ '0.27.0' ],
1040 silly audit   '@alloc/quick-lru': [ '5.2.0' ],
1040 silly audit   arg: [ '5.0.2' ],
1040 silly audit   chokidar: [ '3.6.0' ],
1040 silly audit   didyoumean: [ '1.2.2' ],
1040 silly audit   dlv: [ '1.1.3' ],
1040 silly audit   'fast-glob': [ '3.3.3' ],
1040 silly audit   'glob-parent': [ '6.0.2', '5.1.2' ],
1040 silly audit   'is-glob': [ '4.0.3' ],
1040 silly audit   jiti: [ '1.21.7' ],
1040 silly audit   lilconfig: [ '3.1.3' ],
1040 silly audit   micromatch: [ '4.0.8' ],
1040 silly audit   'normalize-path': [ '3.0.0' ],
1040 silly audit   'object-hash': [ '3.0.0' ],
1040 silly audit   'postcss-import': [ '15.1.0' ],
1040 silly audit   'postcss-js': [ '4.1.0' ],
1040 silly audit   'postcss-load-config': [ '6.0.1' ],
1040 silly audit   'postcss-nested': [ '6.2.0' ],
1040 silly audit   'postcss-selector-parser': [ '6.1.2' ],
1040 silly audit   resolve: [ '1.22.12' ],
1040 silly audit   sucrase: [ '3.35.1' ],
1040 silly audit   anymatch: [ '3.1.3' ],
1040 silly audit   braces: [ '3.0.3' ],
1040 silly audit   fsevents: [ '2.3.3' ],
1040 silly audit   'is-binary-path': [ '2.1.0' ],
1040 silly audit   readdirp: [ '3.6.0' ],
1040 silly audit   picomatch: [ '2.3.2', '4.0.4' ],
1040 silly audit   'fill-range': [ '7.1.1' ],
1040 silly audit   '@nodelib/fs.stat': [ '2.0.5' ],
1040 silly audit   '@nodelib/fs.walk': [ '1.2.8' ],
1040 silly audit   merge2: [ '1.4.1' ],
1040 silly audit   '@nodelib/fs.scandir': [ '2.1.5' ],
1040 silly audit   fastq: [ '1.20.1' ],
1040 silly audit   'run-parallel': [ '1.2.0' ],
1040 silly audit   reusify: [ '1.1.0' ],
1040 silly audit   'to-regex-range': [ '5.0.1' ],
1040 silly audit   'binary-extensions': [ '2.3.0' ],
1040 silly audit   'is-extglob': [ '2.1.1' ],
1040 silly audit   'read-cache': [ '1.0.0' ],
1040 silly audit   'camelcase-css': [ '2.0.1' ],
1040 silly audit   cssesc: [ '3.0.0' ],
1040 silly audit   'util-deprecate': [ '1.0.2' ],
1040 silly audit   pify: [ '2.3.0' ],
1040 silly audit   'es-errors': [ '1.3.0' ],
1040 silly audit   'is-core-module': [ '2.16.2' ],
1040 silly audit   'path-parse': [ '1.0.7' ],
1040 silly audit   'supports-preserve-symlinks-flag': [ '1.0.0' ],
1040 silly audit   hasown: [ '2.0.3' ],
1040 silly audit   'function-bind': [ '1.1.2' ],
1040 silly audit   'queue-microtask': [ '1.2.3' ],
1040 silly audit   commander: [ '4.1.1' ],
1040 silly audit   'lines-and-columns': [ '1.2.4' ],
1040 silly audit   mz: [ '2.7.0' ],
1040 silly audit   pirates: [ '4.0.7' ],
1040 silly audit   tinyglobby: [ '0.2.16' ],
1040 silly audit   'ts-interface-checker': [ '0.1.13' ],
1040 silly audit   'any-promise': [ '1.3.0' ],
1040 silly audit   'object-assign': [ '4.1.1' ],
1040 silly audit   'thenify-all': [ '1.6.0' ],
1040 silly audit   thenify: [ '3.3.1' ],
1040 silly audit   fdir: [ '6.5.0' ],
1040 silly audit   'is-number': [ '7.0.0' ],
1040 silly audit   escalade: [ '3.2.0' ],
1040 silly audit   esbuild: [ '0.27.7' ],
1040 silly audit   rollup: [ '4.60.4' ],
1040 silly audit   '@esbuild/aix-ppc64': [ '0.27.7' ],
1040 silly audit   '@esbuild/android-arm': [ '0.27.7' ],
1040 silly audit   '@esbuild/android-arm64': [ '0.27.7' ],
1040 silly audit   '@esbuild/android-x64': [ '0.27.7' ],
1040 silly audit   '@esbuild/darwin-arm64': [ '0.27.7' ],
1040 silly audit   '@esbuild/darwin-x64': [ '0.27.7' ],
1040 silly audit   '@esbuild/freebsd-arm64': [ '0.27.7' ],
1040 silly audit   '@esbuild/freebsd-x64': [ '0.27.7' ],
1040 silly audit   '@esbuild/linux-arm': [ '0.27.7' ],
1040 silly audit   '@esbuild/linux-arm64': [ '0.27.7' ],
1040 silly audit   '@esbuild/linux-ia32': [ '0.27.7' ],
1040 silly audit   '@esbuild/linux-loong64': [ '0.27.7' ],
1040 silly audit   '@esbuild/linux-mips64el': [ '0.27.7' ],
1040 silly audit   '@esbuild/linux-ppc64': [ '0.27.7' ],
1040 silly audit   '@esbuild/linux-riscv64': [ '0.27.7' ],
1040 silly audit   '@esbuild/linux-s390x': [ '0.27.7' ],
1040 silly audit   '@esbuild/linux-x64': [ '0.27.7' ],
1040 silly audit   '@esbuild/netbsd-arm64': [ '0.27.7' ],
1040 silly audit   '@esbuild/netbsd-x64': [ '0.27.7' ],
1040 silly audit   '@esbuild/openbsd-arm64': [ '0.27.7' ],
1040 silly audit   '@esbuild/openbsd-x64': [ '0.27.7' ],
1040 silly audit   '@esbuild/openharmony-arm64': [ '0.27.7' ],
1040 silly audit   '@esbuild/sunos-x64': [ '0.27.7' ],
1040 silly audit   '@esbuild/win32-arm64': [ '0.27.7' ],
1040 silly audit   '@esbuild/win32-ia32': [ '0.27.7' ],
1040 silly audit   '@esbuild/win32-x64': [ '0.27.7' ],
1040 silly audit   '@rollup/rollup-android-arm-eabi': [ '4.60.4' ],
1040 silly audit   '@rollup/rollup-android-arm64': [ '4.60.4' ],
1040 silly audit   '@rollup/rollup-darwin-arm64': [ '4.60.4' ],
1040 silly audit   '@rollup/rollup-darwin-x64': [ '4.60.4' ],
1040 silly audit   '@rollup/rollup-freebsd-arm64': [ '4.60.4' ],
1040 silly audit   '@rollup/rollup-freebsd-x64': [ '4.60.4' ],
1040 silly audit   '@rollup/rollup-linux-arm-gnueabihf': [ '4.60.4' ],
1040 silly audit   '@rollup/rollup-linux-arm-musleabihf': [ '4.60.4' ],
1040 silly audit   '@rollup/rollup-linux-arm64-gnu': [ '4.60.4' ],
1040 silly audit   '@rollup/rollup-linux-arm64-musl': [ '4.60.4' ],
1040 silly audit   '@rollup/rollup-linux-loong64-gnu': [ '4.60.4' ],
1040 silly audit   '@rollup/rollup-linux-loong64-musl': [ '4.60.4' ],
1040 silly audit   '@rollup/rollup-linux-ppc64-gnu': [ '4.60.4' ],
1040 silly audit   '@rollup/rollup-linux-ppc64-musl': [ '4.60.4' ],
1040 silly audit   '@rollup/rollup-linux-riscv64-gnu': [ '4.60.4' ],
1040 silly audit   '@rollup/rollup-linux-riscv64-musl': [ '4.60.4' ],
1040 silly audit   '@rollup/rollup-linux-s390x-gnu': [ '4.60.4' ],
1040 silly audit   '@rollup/rollup-linux-x64-gnu': [ '4.60.4' ],
1040 silly audit   '@rollup/rollup-linux-x64-musl': [ '4.60.4' ],
1040 silly audit   '@rollup/rollup-openbsd-x64': [ '4.60.4' ],
1040 silly audit   '@rollup/rollup-openharmony-arm64': [ '4.60.4' ],
1040 silly audit   '@rollup/rollup-win32-arm64-msvc': [ '4.60.4' ],
1040 silly audit   '@rollup/rollup-win32-ia32-msvc': [ '4.60.4' ],
1040 silly audit   '@rollup/rollup-win32-x64-gnu': [ '4.60.4' ],
1040 silly audit   '@rollup/rollup-win32-x64-msvc': [ '4.60.4' ],
1040 silly audit   '@types/estree': [ '1.0.8' ]
1040 silly audit }
1041 verbose reify failed optional dependency /Users/teager/Documents/New project 2/node_modules/@rollup/rollup-win32-x64-msvc
1042 silly reify mark deleted [
1042 silly reify   '/Users/teager/Documents/New project 2/node_modules/@rollup/rollup-win32-x64-msvc'
1042 silly reify ]
1043 verbose reify failed optional dependency /Users/teager/Documents/New project 2/node_modules/@rollup/rollup-win32-x64-gnu
1044 silly reify mark deleted [
1044 silly reify   '/Users/teager/Documents/New project 2/node_modules/@rollup/rollup-win32-x64-gnu'
1044 silly reify ]
1045 verbose reify failed optional dependency /Users/teager/Documents/New project 2/node_modules/@rollup/rollup-win32-ia32-msvc
1046 silly reify mark deleted [
1046 silly reify   '/Users/teager/Documents/New project 2/node_modules/@rollup/rollup-win32-ia32-msvc'
1046 silly reify ]
1047 verbose reify failed optional dependency /Users/teager/Documents/New project 2/node_modules/@rollup/rollup-win32-arm64-msvc
1048 silly reify mark deleted [
1048 silly reify   '/Users/teager/Documents/New project 2/node_modules/@rollup/rollup-win32-arm64-msvc'
1048 silly reify ]
1049 verbose reify failed optional dependency /Users/teager/Documents/New project 2/node_modules/@rollup/rollup-openharmony-arm64
1050 silly reify mark deleted [
1050 silly reify   '/Users/teager/Documents/New project 2/node_modules/@rollup/rollup-openharmony-arm64'
1050 silly reify ]
1051 verbose reify failed optional dependency /Users/teager/Documents/New project 2/node_modules/@rollup/rollup-openbsd-x64
1052 silly reify mark deleted [
1052 silly reify   '/Users/teager/Documents/New project 2/node_modules/@rollup/rollup-openbsd-x64'
1052 silly reify ]
1053 verbose reify failed optional dependency /Users/teager/Documents/New project 2/node_modules/@rollup/rollup-linux-x64-musl
1054 silly reify mark deleted [
1054 silly reify   '/Users/teager/Documents/New project 2/node_modules/@rollup/rollup-linux-x64-musl'
1054 silly reify ]
1055 verbose reify failed optional dependency /Users/teager/Documents/New project 2/node_modules/@rollup/rollup-linux-x64-gnu
1056 silly reify mark deleted [
1056 silly reify   '/Users/teager/Documents/New project 2/node_modules/@rollup/rollup-linux-x64-gnu'
1056 silly reify ]
1057 verbose reify failed optional dependency /Users/teager/Documents/New project 2/node_modules/@rollup/rollup-linux-s390x-gnu
1058 silly reify mark deleted [
1058 silly reify   '/Users/teager/Documents/New project 2/node_modules/@rollup/rollup-linux-s390x-gnu'
1058 silly reify ]
1059 verbose reify failed optional dependency /Users/teager/Documents/New project 2/node_modules/@rollup/rollup-linux-riscv64-musl
1060 silly reify mark deleted [
1060 silly reify   '/Users/teager/Documents/New project 2/node_modules/@rollup/rollup-linux-riscv64-musl'
1060 silly reify ]
1061 verbose reify failed optional dependency /Users/teager/Documents/New project 2/node_modules/@rollup/rollup-linux-riscv64-gnu
1062 silly reify mark deleted [
1062 silly reify   '/Users/teager/Documents/New project 2/node_modules/@rollup/rollup-linux-riscv64-gnu'
1062 silly reify ]
1063 verbose reify failed optional dependency /Users/teager/Documents/New project 2/node_modules/@rollup/rollup-linux-ppc64-musl
1064 silly reify mark deleted [
1064 silly reify   '/Users/teager/Documents/New project 2/node_modules/@rollup/rollup-linux-ppc64-musl'
1064 silly reify ]
1065 verbose reify failed optional dependency /Users/teager/Documents/New project 2/node_modules/@rollup/rollup-linux-ppc64-gnu
1066 silly reify mark deleted [
1066 silly reify   '/Users/teager/Documents/New project 2/node_modules/@rollup/rollup-linux-ppc64-gnu'
1066 silly reify ]
1067 verbose reify failed optional dependency /Users/teager/Documents/New project 2/node_modules/@rollup/rollup-linux-loong64-musl
1068 silly reify mark deleted [
1068 silly reify   '/Users/teager/Documents/New project 2/node_modules/@rollup/rollup-linux-loong64-musl'
1068 silly reify ]
1069 verbose reify failed optional dependency /Users/teager/Documents/New project 2/node_modules/@rollup/rollup-linux-loong64-gnu
1070 silly reify mark deleted [
1070 silly reify   '/Users/teager/Documents/New project 2/node_modules/@rollup/rollup-linux-loong64-gnu'
1070 silly reify ]
1071 verbose reify failed optional dependency /Users/teager/Documents/New project 2/node_modules/@rollup/rollup-linux-arm64-musl
1072 silly reify mark deleted [
1072 silly reify   '/Users/teager/Documents/New project 2/node_modules/@rollup/rollup-linux-arm64-musl'
1072 silly reify ]
1073 verbose reify failed optional dependency /Users/teager/Documents/New project 2/node_modules/@rollup/rollup-linux-arm64-gnu
1074 silly reify mark deleted [
1074 silly reify   '/Users/teager/Documents/New project 2/node_modules/@rollup/rollup-linux-arm64-gnu'
1074 silly reify ]
1075 verbose reify failed optional dependency /Users/teager/Documents/New project 2/node_modules/@rollup/rollup-linux-arm-musleabihf
1076 silly reify mark deleted [
1076 silly reify   '/Users/teager/Documents/New project 2/node_modules/@rollup/rollup-linux-arm-musleabihf'
1076 silly reify ]
1077 verbose reify failed optional dependency /Users/teager/Documents/New project 2/node_modules/@rollup/rollup-linux-arm-gnueabihf
1078 silly reify mark deleted [
1078 silly reify   '/Users/teager/Documents/New project 2/node_modules/@rollup/rollup-linux-arm-gnueabihf'
1078 silly reify ]
1079 verbose reify failed optional dependency /Users/teager/Documents/New project 2/node_modules/@rollup/rollup-freebsd-x64
1080 silly reify mark deleted [
1080 silly reify   '/Users/teager/Documents/New project 2/node_modules/@rollup/rollup-freebsd-x64'
1080 silly reify ]
1081 verbose reify failed optional dependency /Users/teager/Documents/New project 2/node_modules/@rollup/rollup-freebsd-arm64
1082 silly reify mark deleted [
1082 silly reify   '/Users/teager/Documents/New project 2/node_modules/@rollup/rollup-freebsd-arm64'
1082 silly reify ]
1083 verbose reify failed optional dependency /Users/teager/Documents/New project 2/node_modules/@rollup/rollup-darwin-x64
1084 silly reify mark deleted [
1084 silly reify   '/Users/teager/Documents/New project 2/node_modules/@rollup/rollup-darwin-x64'
1084 silly reify ]
1085 verbose reify failed optional dependency /Users/teager/Documents/New project 2/node_modules/@rollup/rollup-android-arm64
1086 silly reify mark deleted [
1086 silly reify   '/Users/teager/Documents/New project 2/node_modules/@rollup/rollup-android-arm64'
1086 silly reify ]
1087 verbose reify failed optional dependency /Users/teager/Documents/New project 2/node_modules/@rollup/rollup-android-arm-eabi
1088 silly reify mark deleted [
1088 silly reify   '/Users/teager/Documents/New project 2/node_modules/@rollup/rollup-android-arm-eabi'
1088 silly reify ]
1089 verbose reify failed optional dependency /Users/teager/Documents/New project 2/node_modules/@esbuild/win32-x64
1090 silly reify mark deleted [
1090 silly reify   '/Users/teager/Documents/New project 2/node_modules/@esbuild/win32-x64'
1090 silly reify ]
1091 verbose reify failed optional dependency /Users/teager/Documents/New project 2/node_modules/@esbuild/win32-ia32
1092 silly reify mark deleted [
1092 silly reify   '/Users/teager/Documents/New project 2/node_modules/@esbuild/win32-ia32'
1092 silly reify ]
1093 verbose reify failed optional dependency /Users/teager/Documents/New project 2/node_modules/@esbuild/win32-arm64
1094 silly reify mark deleted [
1094 silly reify   '/Users/teager/Documents/New project 2/node_modules/@esbuild/win32-arm64'
1094 silly reify ]
1095 verbose reify failed optional dependency /Users/teager/Documents/New project 2/node_modules/@esbuild/sunos-x64
1096 silly reify mark deleted [
1096 silly reify   '/Users/teager/Documents/New project 2/node_modules/@esbuild/sunos-x64'
1096 silly reify ]
1097 verbose reify failed optional dependency /Users/teager/Documents/New project 2/node_modules/@esbuild/openharmony-arm64
1098 silly reify mark deleted [
1098 silly reify   '/Users/teager/Documents/New project 2/node_modules/@esbuild/openharmony-arm64'
1098 silly reify ]
1099 verbose reify failed optional dependency /Users/teager/Documents/New project 2/node_modules/@esbuild/openbsd-x64
1100 silly reify mark deleted [
1100 silly reify   '/Users/teager/Documents/New project 2/node_modules/@esbuild/openbsd-x64'
1100 silly reify ]
1101 verbose reify failed optional dependency /Users/teager/Documents/New project 2/node_modules/@esbuild/openbsd-arm64
1102 silly reify mark deleted [
1102 silly reify   '/Users/teager/Documents/New project 2/node_modules/@esbuild/openbsd-arm64'
1102 silly reify ]
1103 verbose reify failed optional dependency /Users/teager/Documents/New project 2/node_modules/@esbuild/netbsd-x64
1104 silly reify mark deleted [
1104 silly reify   '/Users/teager/Documents/New project 2/node_modules/@esbuild/netbsd-x64'
1104 silly reify ]
1105 verbose reify failed optional dependency /Users/teager/Documents/New project 2/node_modules/@esbuild/netbsd-arm64
1106 silly reify mark deleted [
1106 silly reify   '/Users/teager/Documents/New project 2/node_modules/@esbuild/netbsd-arm64'
1106 silly reify ]
1107 verbose reify failed optional dependency /Users/teager/Documents/New project 2/node_modules/@esbuild/linux-x64
1108 silly reify mark deleted [
1108 silly reify   '/Users/teager/Documents/New project 2/node_modules/@esbuild/linux-x64'
1108 silly reify ]
1109 verbose reify failed optional dependency /Users/teager/Documents/New project 2/node_modules/@esbuild/linux-s390x
1110 silly reify mark deleted [
1110 silly reify   '/Users/teager/Documents/New project 2/node_modules/@esbuild/linux-s390x'
1110 silly reify ]
1111 verbose reify failed optional dependency /Users/teager/Documents/New project 2/node_modules/@esbuild/linux-riscv64
1112 silly reify mark deleted [
1112 silly reify   '/Users/teager/Documents/New project 2/node_modules/@esbuild/linux-riscv64'
1112 silly reify ]
1113 verbose reify failed optional dependency /Users/teager/Documents/New project 2/node_modules/@esbuild/linux-ppc64
1114 silly reify mark deleted [
1114 silly reify   '/Users/teager/Documents/New project 2/node_modules/@esbuild/linux-ppc64'
1114 silly reify ]
1115 verbose reify failed optional dependency /Users/teager/Documents/New project 2/node_modules/@esbuild/linux-mips64el
1116 silly reify mark deleted [
1116 silly reify   '/Users/teager/Documents/New project 2/node_modules/@esbuild/linux-mips64el'
1116 silly reify ]
1117 verbose reify failed optional dependency /Users/teager/Documents/New project 2/node_modules/@esbuild/linux-loong64
1118 silly reify mark deleted [
1118 silly reify   '/Users/teager/Documents/New project 2/node_modules/@esbuild/linux-loong64'
1118 silly reify ]
1119 verbose reify failed optional dependency /Users/teager/Documents/New project 2/node_modules/@esbuild/linux-ia32
1120 silly reify mark deleted [
1120 silly reify   '/Users/teager/Documents/New project 2/node_modules/@esbuild/linux-ia32'
1120 silly reify ]
1121 verbose reify failed optional dependency /Users/teager/Documents/New project 2/node_modules/@esbuild/linux-arm64
1122 silly reify mark deleted [
1122 silly reify   '/Users/teager/Documents/New project 2/node_modules/@esbuild/linux-arm64'
1122 silly reify ]
1123 verbose reify failed optional dependency /Users/teager/Documents/New project 2/node_modules/@esbuild/linux-arm
1124 silly reify mark deleted [
1124 silly reify   '/Users/teager/Documents/New project 2/node_modules/@esbuild/linux-arm'
1124 silly reify ]
1125 verbose reify failed optional dependency /Users/teager/Documents/New project 2/node_modules/@esbuild/freebsd-x64
1126 silly reify mark deleted [
1126 silly reify   '/Users/teager/Documents/New project 2/node_modules/@esbuild/freebsd-x64'
1126 silly reify ]
1127 verbose reify failed optional dependency /Users/teager/Documents/New project 2/node_modules/@esbuild/freebsd-arm64
1128 silly reify mark deleted [
1128 silly reify   '/Users/teager/Documents/New project 2/node_modules/@esbuild/freebsd-arm64'
1128 silly reify ]
1129 verbose reify failed optional dependency /Users/teager/Documents/New project 2/node_modules/@esbuild/darwin-x64
1130 silly reify mark deleted [
1130 silly reify   '/Users/teager/Documents/New project 2/node_modules/@esbuild/darwin-x64'
1130 silly reify ]
1131 verbose reify failed optional dependency /Users/teager/Documents/New project 2/node_modules/@esbuild/android-x64
1132 silly reify mark deleted [
1132 silly reify   '/Users/teager/Documents/New project 2/node_modules/@esbuild/android-x64'
1132 silly reify ]
1133 verbose reify failed optional dependency /Users/teager/Documents/New project 2/node_modules/@esbuild/android-arm64
1134 silly reify mark deleted [
1134 silly reify   '/Users/teager/Documents/New project 2/node_modules/@esbuild/android-arm64'
1134 silly reify ]
1135 verbose reify failed optional dependency /Users/teager/Documents/New project 2/node_modules/@esbuild/android-arm
1136 silly reify mark deleted [
1136 silly reify   '/Users/teager/Documents/New project 2/node_modules/@esbuild/android-arm'
1136 silly reify ]
1137 verbose reify failed optional dependency /Users/teager/Documents/New project 2/node_modules/@esbuild/aix-ppc64
1138 silly reify mark deleted [
1138 silly reify   '/Users/teager/Documents/New project 2/node_modules/@esbuild/aix-ppc64'
1138 silly reify ]
1139 http cache @types/estree@https://registry.npmjs.org/@types/estree/-/estree-1.0.8.tgz 0ms (cache hit)
1140 http cache rollup@https://registry.npmjs.org/rollup/-/rollup-4.60.4.tgz 0ms (cache hit)
1141 http cache @rollup/rollup-darwin-arm64@https://registry.npmjs.org/@rollup/rollup-darwin-arm64/-/rollup-darwin-arm64-4.60.4.tgz 0ms (cache hit)
1142 http cache is-number@https://registry.npmjs.org/is-number/-/is-number-7.0.0.tgz 0ms (cache hit)
1143 http cache thenify@https://registry.npmjs.org/thenify/-/thenify-3.3.1.tgz 0ms (cache hit)
1144 http cache thenify-all@https://registry.npmjs.org/thenify-all/-/thenify-all-1.6.0.tgz 0ms (cache hit)
1145 http cache escalade@https://registry.npmjs.org/escalade/-/escalade-3.2.0.tgz 0ms (cache hit)
1146 http cache any-promise@https://registry.npmjs.org/any-promise/-/any-promise-1.3.0.tgz 0ms (cache hit)
1147 http cache @esbuild/darwin-arm64@https://registry.npmjs.org/@esbuild/darwin-arm64/-/darwin-arm64-0.27.7.tgz 0ms (cache hit)
1148 http cache pirates@https://registry.npmjs.org/pirates/-/pirates-4.0.7.tgz 0ms (cache hit)
1149 http cache object-assign@https://registry.npmjs.org/object-assign/-/object-assign-4.1.1.tgz 0ms (cache hit)
1150 http cache ts-interface-checker@https://registry.npmjs.org/ts-interface-checker/-/ts-interface-checker-0.1.13.tgz 0ms (cache hit)
1151 http cache mz@https://registry.npmjs.org/mz/-/mz-2.7.0.tgz 0ms (cache hit)
1152 http cache lines-and-columns@https://registry.npmjs.org/lines-and-columns/-/lines-and-columns-1.2.4.tgz 0ms (cache hit)
1153 http cache queue-microtask@https://registry.npmjs.org/queue-microtask/-/queue-microtask-1.2.3.tgz 0ms (cache hit)
1154 http cache hasown@https://registry.npmjs.org/hasown/-/hasown-2.0.3.tgz 0ms (cache hit)
1155 http cache tinyglobby@https://registry.npmjs.org/tinyglobby/-/tinyglobby-0.2.16.tgz 0ms (cache hit)
1156 http cache esbuild@https://registry.npmjs.org/esbuild/-/esbuild-0.27.7.tgz 0ms (cache hit)
1157 http cache path-parse@https://registry.npmjs.org/path-parse/-/path-parse-1.0.7.tgz 0ms (cache hit)
1158 http cache function-bind@https://registry.npmjs.org/function-bind/-/function-bind-1.1.2.tgz 0ms (cache hit)
1159 http cache commander@https://registry.npmjs.org/commander/-/commander-4.1.1.tgz 0ms (cache hit)
1160 http cache pify@https://registry.npmjs.org/pify/-/pify-2.3.0.tgz 0ms (cache hit)
1161 http cache is-core-module@https://registry.npmjs.org/is-core-module/-/is-core-module-2.16.2.tgz 0ms (cache hit)
1162 http cache es-errors@https://registry.npmjs.org/es-errors/-/es-errors-1.3.0.tgz 0ms (cache hit)
1163 http cache util-deprecate@https://registry.npmjs.org/util-deprecate/-/util-deprecate-1.0.2.tgz 0ms (cache hit)
1164 http cache camelcase-css@https://registry.npmjs.org/camelcase-css/-/camelcase-css-2.0.1.tgz 0ms (cache hit)
1165 http cache cssesc@https://registry.npmjs.org/cssesc/-/cssesc-3.0.0.tgz 0ms (cache hit)
1166 http cache is-extglob@https://registry.npmjs.org/is-extglob/-/is-extglob-2.1.1.tgz 0ms (cache hit)
1167 http cache supports-preserve-symlinks-flag@https://registry.npmjs.org/supports-preserve-symlinks-flag/-/supports-preserve-symlinks-flag-1.0.0.tgz 0ms (cache hit)
1168 http cache read-cache@https://registry.npmjs.org/read-cache/-/read-cache-1.0.0.tgz 0ms (cache hit)
1169 http cache @nodelib/fs.scandir@https://registry.npmjs.org/@nodelib/fs.scandir/-/fs.scandir-2.1.5.tgz 0ms (cache hit)
1170 http cache reusify@https://registry.npmjs.org/reusify/-/reusify-1.1.0.tgz 0ms (cache hit)
1171 http cache @nodelib/fs.stat@https://registry.npmjs.org/@nodelib/fs.stat/-/fs.stat-2.0.5.tgz 0ms (cache hit)
1172 http cache to-regex-range@https://registry.npmjs.org/to-regex-range/-/to-regex-range-5.0.1.tgz 0ms (cache hit)
1173 http cache merge2@https://registry.npmjs.org/merge2/-/merge2-1.4.1.tgz 0ms (cache hit)
1174 http cache @nodelib/fs.walk@https://registry.npmjs.org/@nodelib/fs.walk/-/fs.walk-1.2.8.tgz 0ms (cache hit)
1175 http cache picomatch@https://registry.npmjs.org/picomatch/-/picomatch-2.3.2.tgz 0ms (cache hit)
1176 http cache fastq@https://registry.npmjs.org/fastq/-/fastq-1.20.1.tgz 0ms (cache hit)
1177 http cache is-binary-path@https://registry.npmjs.org/is-binary-path/-/is-binary-path-2.1.0.tgz 0ms (cache hit)
1178 http cache fsevents@https://registry.npmjs.org/fsevents/-/fsevents-2.3.3.tgz 0ms (cache hit)
1179 http cache fill-range@https://registry.npmjs.org/fill-range/-/fill-range-7.1.1.tgz 0ms (cache hit)
1180 http cache readdirp@https://registry.npmjs.org/readdirp/-/readdirp-3.6.0.tgz 0ms (cache hit)
1181 http cache anymatch@https://registry.npmjs.org/anymatch/-/anymatch-3.1.3.tgz 0ms (cache hit)
1182 http cache braces@https://registry.npmjs.org/braces/-/braces-3.0.3.tgz 0ms (cache hit)
1183 http cache resolve@https://registry.npmjs.org/resolve/-/resolve-1.22.12.tgz 0ms (cache hit)
1184 http cache binary-extensions@https://registry.npmjs.org/binary-extensions/-/binary-extensions-2.3.0.tgz 0ms (cache hit)
1185 http cache postcss-selector-parser@https://registry.npmjs.org/postcss-selector-parser/-/postcss-selector-parser-6.1.2.tgz 0ms (cache hit)
1186 http cache sucrase@https://registry.npmjs.org/sucrase/-/sucrase-3.35.1.tgz 0ms (cache hit)
1187 http cache postcss-nested@https://registry.npmjs.org/postcss-nested/-/postcss-nested-6.2.0.tgz 0ms (cache hit)
1188 http cache postcss-load-config@https://registry.npmjs.org/postcss-load-config/-/postcss-load-config-6.0.1.tgz 0ms (cache hit)
1189 http cache postcss-js@https://registry.npmjs.org/postcss-js/-/postcss-js-4.1.0.tgz 0ms (cache hit)
1190 http cache normalize-path@https://registry.npmjs.org/normalize-path/-/normalize-path-3.0.0.tgz 0ms (cache hit)
1191 http cache micromatch@https://registry.npmjs.org/micromatch/-/micromatch-4.0.8.tgz 0ms (cache hit)
1192 http cache lilconfig@https://registry.npmjs.org/lilconfig/-/lilconfig-3.1.3.tgz 0ms (cache hit)
1193 http cache run-parallel@https://registry.npmjs.org/run-parallel/-/run-parallel-1.2.0.tgz 0ms (cache hit)
1194 http cache jiti@https://registry.npmjs.org/jiti/-/jiti-1.21.7.tgz 0ms (cache hit)
1195 http cache object-hash@https://registry.npmjs.org/object-hash/-/object-hash-3.0.0.tgz 0ms (cache hit)
1196 http cache is-glob@https://registry.npmjs.org/is-glob/-/is-glob-4.0.3.tgz 1ms (cache hit)
1197 http cache glob-parent@https://registry.npmjs.org/glob-parent/-/glob-parent-6.0.2.tgz 0ms (cache hit)
1198 http cache fast-glob@https://registry.npmjs.org/fast-glob/-/fast-glob-3.3.3.tgz 0ms (cache hit)
1199 http cache arg@https://registry.npmjs.org/arg/-/arg-5.0.2.tgz 0ms (cache hit)
1200 http cache dlv@https://registry.npmjs.org/dlv/-/dlv-1.1.3.tgz 0ms (cache hit)
1201 http cache chokidar@https://registry.npmjs.org/chokidar/-/chokidar-3.6.0.tgz 0ms (cache hit)
1202 http cache didyoumean@https://registry.npmjs.org/didyoumean/-/didyoumean-1.2.2.tgz 0ms (cache hit)
1203 http cache @alloc/quick-lru@https://registry.npmjs.org/@alloc/quick-lru/-/quick-lru-5.2.0.tgz 0ms (cache hit)
1204 http cache scheduler@https://registry.npmjs.org/scheduler/-/scheduler-0.27.0.tgz 0ms (cache hit)
1205 http cache nanoid@https://registry.npmjs.org/nanoid/-/nanoid-3.3.12.tgz 0ms (cache hit)
1206 http cache yallist@https://registry.npmjs.org/yallist/-/yallist-3.1.1.tgz 0ms (cache hit)
1207 http cache update-browserslist-db@https://registry.npmjs.org/update-browserslist-db/-/update-browserslist-db-1.2.3.tgz 0ms (cache hit)
1208 http cache ms@https://registry.npmjs.org/ms/-/ms-2.1.3.tgz 0ms (cache hit)
1209 http cache postcss-import@https://registry.npmjs.org/postcss-import/-/postcss-import-15.1.0.tgz 0ms (cache hit)
1210 http cache source-map-js@https://registry.npmjs.org/source-map-js/-/source-map-js-1.2.1.tgz 0ms (cache hit)
1211 http cache node-releases@https://registry.npmjs.org/node-releases/-/node-releases-2.0.44.tgz 0ms (cache hit)
1212 http cache electron-to-chromium@https://registry.npmjs.org/electron-to-chromium/-/electron-to-chromium-1.5.357.tgz 0ms (cache hit)
1213 http cache baseline-browser-mapping@https://registry.npmjs.org/baseline-browser-mapping/-/baseline-browser-mapping-2.10.30.tgz 0ms (cache hit)
1214 http cache @types/babel__traverse@https://registry.npmjs.org/@types/babel__traverse/-/babel__traverse-7.28.0.tgz 0ms (cache hit)
1215 http cache @types/babel__template@https://registry.npmjs.org/@types/babel__template/-/babel__template-7.4.4.tgz 0ms (cache hit)
1216 http cache caniuse-lite@https://registry.npmjs.org/caniuse-lite/-/caniuse-lite-1.0.30001793.tgz 0ms (cache hit)
1217 http cache postcss-value-parser@https://registry.npmjs.org/postcss-value-parser/-/postcss-value-parser-4.2.0.tgz 0ms (cache hit)
1218 http cache fraction.js@https://registry.npmjs.org/fraction.js/-/fraction.js-5.3.4.tgz 0ms (cache hit)
1219 http cache @types/babel__generator@https://registry.npmjs.org/@types/babel__generator/-/babel__generator-7.27.0.tgz 0ms (cache hit)
1220 http cache @jridgewell/resolve-uri@https://registry.npmjs.org/@jridgewell/resolve-uri/-/resolve-uri-3.1.2.tgz 0ms (cache hit)
1221 http cache @jridgewell/sourcemap-codec@https://registry.npmjs.org/@jridgewell/sourcemap-codec/-/sourcemap-codec-1.5.5.tgz 0ms (cache hit)
1222 http cache @babel/helper-globals@https://registry.npmjs.org/@babel/helper-globals/-/helper-globals-7.28.0.tgz 0ms (cache hit)
1223 http cache @babel/helper-string-parser@https://registry.npmjs.org/@babel/helper-string-parser/-/helper-string-parser-7.27.1.tgz 0ms (cache hit)
1224 http cache @babel/helper-plugin-utils@https://registry.npmjs.org/@babel/helper-plugin-utils/-/helper-plugin-utils-7.28.6.tgz 0ms (cache hit)
1225 http cache browserslist@https://registry.npmjs.org/browserslist/-/browserslist-4.28.2.tgz 0ms (cache hit)
1226 http cache @babel/helper-validator-option@https://registry.npmjs.org/@babel/helper-validator-option/-/helper-validator-option-7.27.1.tgz 0ms (cache hit)
1227 http cache @babel/helper-module-imports@https://registry.npmjs.org/@babel/helper-module-imports/-/helper-module-imports-7.28.6.tgz 0ms (cache hit)
1228 http cache @babel/compat-data@https://registry.npmjs.org/@babel/compat-data/-/compat-data-7.29.3.tgz 0ms (cache hit)
1229 http cache lru-cache@https://registry.npmjs.org/lru-cache/-/lru-cache-5.1.1.tgz 0ms (cache hit)
1230 http cache @jridgewell/trace-mapping@https://registry.npmjs.org/@jridgewell/trace-mapping/-/trace-mapping-0.3.31.tgz 0ms (cache hit)
1231 http cache picocolors@https://registry.npmjs.org/picocolors/-/picocolors-1.1.1.tgz 0ms (cache hit)
1232 http cache jsesc@https://registry.npmjs.org/jsesc/-/jsesc-3.1.0.tgz 0ms (cache hit)
1233 http cache @jridgewell/gen-mapping@https://registry.npmjs.org/@jridgewell/gen-mapping/-/gen-mapping-0.3.13.tgz 0ms (cache hit)
1234 http cache @babel/helper-validator-identifier@https://registry.npmjs.org/@babel/helper-validator-identifier/-/helper-validator-identifier-7.28.5.tgz 0ms (cache hit)
1235 http cache js-tokens@https://registry.npmjs.org/js-tokens/-/js-tokens-4.0.0.tgz 0ms (cache hit)
1236 http cache semver@https://registry.npmjs.org/semver/-/semver-6.3.1.tgz 0ms (cache hit)
1237 http cache debug@https://registry.npmjs.org/debug/-/debug-4.4.3.tgz 0ms (cache hit)
1238 http cache gensync@https://registry.npmjs.org/gensync/-/gensync-1.0.0-beta.2.tgz 0ms (cache hit)
1239 http cache json5@https://registry.npmjs.org/json5/-/json5-2.2.3.tgz 0ms (cache hit)
1240 http cache @babel/types@https://registry.npmjs.org/@babel/types/-/types-7.29.0.tgz 0ms (cache hit)
1241 http cache @babel/traverse@https://registry.npmjs.org/@babel/traverse/-/traverse-7.29.0.tgz 0ms (cache hit)
1242 http cache @jridgewell/remapping@https://registry.npmjs.org/@jridgewell/remapping/-/remapping-2.3.5.tgz 0ms (cache hit)
1243 http cache convert-source-map@https://registry.npmjs.org/convert-source-map/-/convert-source-map-2.0.0.tgz 0ms (cache hit)
1244 http cache @babel/parser@https://registry.npmjs.org/@babel/parser/-/parser-7.29.3.tgz 0ms (cache hit)
1245 http cache @babel/generator@https://registry.npmjs.org/@babel/generator/-/generator-7.29.1.tgz 0ms (cache hit)
1246 http cache @babel/helper-compilation-targets@https://registry.npmjs.org/@babel/helper-compilation-targets/-/helper-compilation-targets-7.28.6.tgz 0ms (cache hit)
1247 http cache @babel/code-frame@https://registry.npmjs.org/@babel/code-frame/-/code-frame-7.29.0.tgz 0ms (cache hit)
1248 http cache @babel/helper-module-transforms@https://registry.npmjs.org/@babel/helper-module-transforms/-/helper-module-transforms-7.28.6.tgz 0ms (cache hit)
1249 http cache @babel/helpers@https://registry.npmjs.org/@babel/helpers/-/helpers-7.29.2.tgz 0ms (cache hit)
1250 http cache @babel/template@https://registry.npmjs.org/@babel/template/-/template-7.28.6.tgz 0ms (cache hit)
1251 http cache react-refresh@https://registry.npmjs.org/react-refresh/-/react-refresh-0.18.0.tgz 0ms (cache hit)
1252 http cache @babel/plugin-transform-react-jsx-self@https://registry.npmjs.org/@babel/plugin-transform-react-jsx-self/-/plugin-transform-react-jsx-self-7.27.1.tgz 0ms (cache hit)
1253 http cache @babel/plugin-transform-react-jsx-source@https://registry.npmjs.org/@babel/plugin-transform-react-jsx-source/-/plugin-transform-react-jsx-source-7.27.1.tgz 0ms (cache hit)
1254 http cache @types/babel__core@https://registry.npmjs.org/@types/babel__core/-/babel__core-7.20.5.tgz 0ms (cache hit)
1255 http cache tailwindcss@https://registry.npmjs.org/tailwindcss/-/tailwindcss-3.4.19.tgz 0ms (cache hit)
1256 http cache @babel/core@https://registry.npmjs.org/@babel/core/-/core-7.29.0.tgz 0ms (cache hit)
1257 http cache react-dom@https://registry.npmjs.org/react-dom/-/react-dom-19.2.6.tgz 0ms (cache hit)
1258 http cache postcss@https://registry.npmjs.org/postcss/-/postcss-8.5.14.tgz 0ms (cache hit)
1259 http cache @rolldown/pluginutils@https://registry.npmjs.org/@rolldown/pluginutils/-/pluginutils-1.0.0-rc.3.tgz 0ms (cache hit)
1260 http cache autoprefixer@https://registry.npmjs.org/autoprefixer/-/autoprefixer-10.5.0.tgz 0ms (cache hit)
1261 http cache vite@https://registry.npmjs.org/vite/-/vite-7.3.3.tgz 0ms (cache hit)
1262 http cache fdir@https://registry.npmjs.org/fdir/-/fdir-6.5.0.tgz 0ms (cache hit)
1263 http cache react@https://registry.npmjs.org/react/-/react-19.2.6.tgz 0ms (cache hit)
1264 http cache picomatch@https://registry.npmjs.org/picomatch/-/picomatch-4.0.4.tgz 0ms (cache hit)
1265 http cache @vitejs/plugin-react@https://registry.npmjs.org/@vitejs/plugin-react/-/plugin-react-5.2.0.tgz 0ms (cache hit)
1266 http cache glob-parent@https://registry.npmjs.org/glob-parent/-/glob-parent-5.1.2.tgz 0ms (cache hit)
1267 silly tarball no local data for @types/estree@https://registry.npmjs.org/@types/estree/-/estree-1.0.8.tgz. Extracting by manifest.
1268 silly tarball no local data for rollup@https://registry.npmjs.org/rollup/-/rollup-4.60.4.tgz. Extracting by manifest.
1269 silly tarball no local data for @rollup/rollup-darwin-arm64@https://registry.npmjs.org/@rollup/rollup-darwin-arm64/-/rollup-darwin-arm64-4.60.4.tgz. Extracting by manifest.
1270 silly tarball no local data for is-number@https://registry.npmjs.org/is-number/-/is-number-7.0.0.tgz. Extracting by manifest.
1271 http cache fdir@https://registry.npmjs.org/fdir/-/fdir-6.5.0.tgz 0ms (cache hit)
1272 silly tarball no local data for thenify@https://registry.npmjs.org/thenify/-/thenify-3.3.1.tgz. Extracting by manifest.
1273 http cache picomatch@https://registry.npmjs.org/picomatch/-/picomatch-4.0.4.tgz 0ms (cache hit)
1274 silly tarball no local data for thenify-all@https://registry.npmjs.org/thenify-all/-/thenify-all-1.6.0.tgz. Extracting by manifest.
1275 silly tarball no local data for escalade@https://registry.npmjs.org/escalade/-/escalade-3.2.0.tgz. Extracting by manifest.
1276 http cache glob-parent@https://registry.npmjs.org/glob-parent/-/glob-parent-5.1.2.tgz 0ms (cache hit)
1277 silly tarball no local data for any-promise@https://registry.npmjs.org/any-promise/-/any-promise-1.3.0.tgz. Extracting by manifest.
1278 silly tarball no local data for @esbuild/darwin-arm64@https://registry.npmjs.org/@esbuild/darwin-arm64/-/darwin-arm64-0.27.7.tgz. Extracting by manifest.
1279 silly tarball no local data for pirates@https://registry.npmjs.org/pirates/-/pirates-4.0.7.tgz. Extracting by manifest.
1280 silly tarball no local data for object-assign@https://registry.npmjs.org/object-assign/-/object-assign-4.1.1.tgz. Extracting by manifest.
1281 silly tarball no local data for ts-interface-checker@https://registry.npmjs.org/ts-interface-checker/-/ts-interface-checker-0.1.13.tgz. Extracting by manifest.
1282 silly tarball no local data for mz@https://registry.npmjs.org/mz/-/mz-2.7.0.tgz. Extracting by manifest.
1283 silly tarball no local data for lines-and-columns@https://registry.npmjs.org/lines-and-columns/-/lines-and-columns-1.2.4.tgz. Extracting by manifest.
1284 silly tarball no local data for queue-microtask@https://registry.npmjs.org/queue-microtask/-/queue-microtask-1.2.3.tgz. Extracting by manifest.
1285 silly tarball no local data for hasown@https://registry.npmjs.org/hasown/-/hasown-2.0.3.tgz. Extracting by manifest.
1286 silly tarball no local data for tinyglobby@https://registry.npmjs.org/tinyglobby/-/tinyglobby-0.2.16.tgz. Extracting by manifest.
1287 silly tarball no local data for esbuild@https://registry.npmjs.org/esbuild/-/esbuild-0.27.7.tgz. Extracting by manifest.
1288 silly tarball no local data for path-parse@https://registry.npmjs.org/path-parse/-/path-parse-1.0.7.tgz. Extracting by manifest.
1289 silly tarball no local data for function-bind@https://registry.npmjs.org/function-bind/-/function-bind-1.1.2.tgz. Extracting by manifest.
1290 silly tarball no local data for commander@https://registry.npmjs.org/commander/-/commander-4.1.1.tgz. Extracting by manifest.
1291 silly tarball no local data for pify@https://registry.npmjs.org/pify/-/pify-2.3.0.tgz. Extracting by manifest.
1292 silly tarball no local data for is-core-module@https://registry.npmjs.org/is-core-module/-/is-core-module-2.16.2.tgz. Extracting by manifest.
1293 silly tarball no local data for es-errors@https://registry.npmjs.org/es-errors/-/es-errors-1.3.0.tgz. Extracting by manifest.
1294 silly tarball no local data for util-deprecate@https://registry.npmjs.org/util-deprecate/-/util-deprecate-1.0.2.tgz. Extracting by manifest.
1295 silly tarball no local data for camelcase-css@https://registry.npmjs.org/camelcase-css/-/camelcase-css-2.0.1.tgz. Extracting by manifest.
1296 silly tarball no local data for cssesc@https://registry.npmjs.org/cssesc/-/cssesc-3.0.0.tgz. Extracting by manifest.
1297 silly tarball no local data for is-extglob@https://registry.npmjs.org/is-extglob/-/is-extglob-2.1.1.tgz. Extracting by manifest.
1298 silly tarball no local data for supports-preserve-symlinks-flag@https://registry.npmjs.org/supports-preserve-symlinks-flag/-/supports-preserve-symlinks-flag-1.0.0.tgz. Extracting by manifest.
1299 silly tarball no local data for read-cache@https://registry.npmjs.org/read-cache/-/read-cache-1.0.0.tgz. Extracting by manifest.
1300 silly tarball no local data for @nodelib/fs.scandir@https://registry.npmjs.org/@nodelib/fs.scandir/-/fs.scandir-2.1.5.tgz. Extracting by manifest.
1301 silly tarball no local data for reusify@https://registry.npmjs.org/reusify/-/reusify-1.1.0.tgz. Extracting by manifest.
1302 silly tarball no local data for @nodelib/fs.stat@https://registry.npmjs.org/@nodelib/fs.stat/-/fs.stat-2.0.5.tgz. Extracting by manifest.
1303 silly tarball no local data for to-regex-range@https://registry.npmjs.org/to-regex-range/-/to-regex-range-5.0.1.tgz. Extracting by manifest.
1304 silly tarball no local data for merge2@https://registry.npmjs.org/merge2/-/merge2-1.4.1.tgz. Extracting by manifest.
1305 silly tarball no local data for @nodelib/fs.walk@https://registry.npmjs.org/@nodelib/fs.walk/-/fs.walk-1.2.8.tgz. Extracting by manifest.
1306 silly tarball no local data for picomatch@https://registry.npmjs.org/picomatch/-/picomatch-2.3.2.tgz. Extracting by manifest.
1307 silly tarball no local data for fastq@https://registry.npmjs.org/fastq/-/fastq-1.20.1.tgz. Extracting by manifest.
1308 silly tarball no local data for is-binary-path@https://registry.npmjs.org/is-binary-path/-/is-binary-path-2.1.0.tgz. Extracting by manifest.
1309 silly tarball no local data for fsevents@https://registry.npmjs.org/fsevents/-/fsevents-2.3.3.tgz. Extracting by manifest.
1310 silly tarball no local data for fill-range@https://registry.npmjs.org/fill-range/-/fill-range-7.1.1.tgz. Extracting by manifest.
1311 silly tarball no local data for readdirp@https://registry.npmjs.org/readdirp/-/readdirp-3.6.0.tgz. Extracting by manifest.
1312 silly tarball no local data for anymatch@https://registry.npmjs.org/anymatch/-/anymatch-3.1.3.tgz. Extracting by manifest.
1313 silly tarball no local data for braces@https://registry.npmjs.org/braces/-/braces-3.0.3.tgz. Extracting by manifest.
1314 silly tarball no local data for resolve@https://registry.npmjs.org/resolve/-/resolve-1.22.12.tgz. Extracting by manifest.
1315 silly tarball no local data for binary-extensions@https://registry.npmjs.org/binary-extensions/-/binary-extensions-2.3.0.tgz. Extracting by manifest.
1316 silly tarball no local data for postcss-selector-parser@https://registry.npmjs.org/postcss-selector-parser/-/postcss-selector-parser-6.1.2.tgz. Extracting by manifest.
1317 silly tarball no local data for sucrase@https://registry.npmjs.org/sucrase/-/sucrase-3.35.1.tgz. Extracting by manifest.
1318 silly tarball no local data for postcss-nested@https://registry.npmjs.org/postcss-nested/-/postcss-nested-6.2.0.tgz. Extracting by manifest.
1319 silly tarball no local data for postcss-load-config@https://registry.npmjs.org/postcss-load-config/-/postcss-load-config-6.0.1.tgz. Extracting by manifest.
1320 silly tarball no local data for postcss-js@https://registry.npmjs.org/postcss-js/-/postcss-js-4.1.0.tgz. Extracting by manifest.
1321 silly tarball no local data for normalize-path@https://registry.npmjs.org/normalize-path/-/normalize-path-3.0.0.tgz. Extracting by manifest.
1322 silly tarball no local data for micromatch@https://registry.npmjs.org/micromatch/-/micromatch-4.0.8.tgz. Extracting by manifest.
1323 silly tarball no local data for lilconfig@https://registry.npmjs.org/lilconfig/-/lilconfig-3.1.3.tgz. Extracting by manifest.
1324 silly tarball no local data for run-parallel@https://registry.npmjs.org/run-parallel/-/run-parallel-1.2.0.tgz. Extracting by manifest.
1325 silly tarball no local data for jiti@https://registry.npmjs.org/jiti/-/jiti-1.21.7.tgz. Extracting by manifest.
1326 silly tarball no local data for object-hash@https://registry.npmjs.org/object-hash/-/object-hash-3.0.0.tgz. Extracting by manifest.
1327 silly tarball no local data for is-glob@https://registry.npmjs.org/is-glob/-/is-glob-4.0.3.tgz. Extracting by manifest.
1328 silly tarball no local data for glob-parent@https://registry.npmjs.org/glob-parent/-/glob-parent-6.0.2.tgz. Extracting by manifest.
1329 silly tarball no local data for fast-glob@https://registry.npmjs.org/fast-glob/-/fast-glob-3.3.3.tgz. Extracting by manifest.
1330 silly tarball no local data for arg@https://registry.npmjs.org/arg/-/arg-5.0.2.tgz. Extracting by manifest.
1331 silly tarball no local data for dlv@https://registry.npmjs.org/dlv/-/dlv-1.1.3.tgz. Extracting by manifest.
1332 silly tarball no local data for chokidar@https://registry.npmjs.org/chokidar/-/chokidar-3.6.0.tgz. Extracting by manifest.
1333 silly tarball no local data for didyoumean@https://registry.npmjs.org/didyoumean/-/didyoumean-1.2.2.tgz. Extracting by manifest.
1334 silly tarball no local data for @alloc/quick-lru@https://registry.npmjs.org/@alloc/quick-lru/-/quick-lru-5.2.0.tgz. Extracting by manifest.
1335 silly tarball no local data for scheduler@https://registry.npmjs.org/scheduler/-/scheduler-0.27.0.tgz. Extracting by manifest.
1336 silly tarball no local data for nanoid@https://registry.npmjs.org/nanoid/-/nanoid-3.3.12.tgz. Extracting by manifest.
1337 silly tarball no local data for yallist@https://registry.npmjs.org/yallist/-/yallist-3.1.1.tgz. Extracting by manifest.
1338 silly tarball no local data for update-browserslist-db@https://registry.npmjs.org/update-browserslist-db/-/update-browserslist-db-1.2.3.tgz. Extracting by manifest.
1339 silly tarball no local data for ms@https://registry.npmjs.org/ms/-/ms-2.1.3.tgz. Extracting by manifest.
1340 silly tarball no local data for postcss-import@https://registry.npmjs.org/postcss-import/-/postcss-import-15.1.0.tgz. Extracting by manifest.
1341 silly tarball no local data for source-map-js@https://registry.npmjs.org/source-map-js/-/source-map-js-1.2.1.tgz. Extracting by manifest.
1342 silly tarball no local data for node-releases@https://registry.npmjs.org/node-releases/-/node-releases-2.0.44.tgz. Extracting by manifest.
1343 silly tarball no local data for electron-to-chromium@https://registry.npmjs.org/electron-to-chromium/-/electron-to-chromium-1.5.357.tgz. Extracting by manifest.
1344 silly tarball no local data for baseline-browser-mapping@https://registry.npmjs.org/baseline-browser-mapping/-/baseline-browser-mapping-2.10.30.tgz. Extracting by manifest.
1345 silly tarball no local data for @types/babel__traverse@https://registry.npmjs.org/@types/babel__traverse/-/babel__traverse-7.28.0.tgz. Extracting by manifest.
1346 silly tarball no local data for @types/babel__template@https://registry.npmjs.org/@types/babel__template/-/babel__template-7.4.4.tgz. Extracting by manifest.
1347 silly tarball no local data for caniuse-lite@https://registry.npmjs.org/caniuse-lite/-/caniuse-lite-1.0.30001793.tgz. Extracting by manifest.
1348 silly tarball no local data for postcss-value-parser@https://registry.npmjs.org/postcss-value-parser/-/postcss-value-parser-4.2.0.tgz. Extracting by manifest.
1349 silly tarball no local data for fraction.js@https://registry.npmjs.org/fraction.js/-/fraction.js-5.3.4.tgz. Extracting by manifest.
1350 silly tarball no local data for @types/babel__generator@https://registry.npmjs.org/@types/babel__generator/-/babel__generator-7.27.0.tgz. Extracting by manifest.
1351 silly tarball no local data for @jridgewell/resolve-uri@https://registry.npmjs.org/@jridgewell/resolve-uri/-/resolve-uri-3.1.2.tgz. Extracting by manifest.
1352 silly tarball no local data for @jridgewell/sourcemap-codec@https://registry.npmjs.org/@jridgewell/sourcemap-codec/-/sourcemap-codec-1.5.5.tgz. Extracting by manifest.
1353 silly tarball no local data for @babel/helper-globals@https://registry.npmjs.org/@babel/helper-globals/-/helper-globals-7.28.0.tgz. Extracting by manifest.
1354 silly tarball no local data for @babel/helper-string-parser@https://registry.npmjs.org/@babel/helper-string-parser/-/helper-string-parser-7.27.1.tgz. Extracting by manifest.
1355 silly tarball no local data for @babel/helper-plugin-utils@https://registry.npmjs.org/@babel/helper-plugin-utils/-/helper-plugin-utils-7.28.6.tgz. Extracting by manifest.
1356 silly tarball no local data for browserslist@https://registry.npmjs.org/browserslist/-/browserslist-4.28.2.tgz. Extracting by manifest.
1357 silly tarball no local data for @babel/helper-validator-option@https://registry.npmjs.org/@babel/helper-validator-option/-/helper-validator-option-7.27.1.tgz. Extracting by manifest.
1358 silly tarball no local data for @babel/helper-module-imports@https://registry.npmjs.org/@babel/helper-module-imports/-/helper-module-imports-7.28.6.tgz. Extracting by manifest.
1359 silly tarball no local data for @babel/compat-data@https://registry.npmjs.org/@babel/compat-data/-/compat-data-7.29.3.tgz. Extracting by manifest.
1360 silly tarball no local data for lru-cache@https://registry.npmjs.org/lru-cache/-/lru-cache-5.1.1.tgz. Extracting by manifest.
1361 silly tarball no local data for @jridgewell/trace-mapping@https://registry.npmjs.org/@jridgewell/trace-mapping/-/trace-mapping-0.3.31.tgz. Extracting by manifest.
1362 silly tarball no local data for picocolors@https://registry.npmjs.org/picocolors/-/picocolors-1.1.1.tgz. Extracting by manifest.
1363 silly tarball no local data for jsesc@https://registry.npmjs.org/jsesc/-/jsesc-3.1.0.tgz. Extracting by manifest.
1364 silly tarball no local data for @jridgewell/gen-mapping@https://registry.npmjs.org/@jridgewell/gen-mapping/-/gen-mapping-0.3.13.tgz. Extracting by manifest.
1365 silly tarball no local data for @babel/helper-validator-identifier@https://registry.npmjs.org/@babel/helper-validator-identifier/-/helper-validator-identifier-7.28.5.tgz. Extracting by manifest.
1366 silly tarball no local data for js-tokens@https://registry.npmjs.org/js-tokens/-/js-tokens-4.0.0.tgz. Extracting by manifest.
1367 silly tarball no local data for semver@https://registry.npmjs.org/semver/-/semver-6.3.1.tgz. Extracting by manifest.
1368 silly tarball no local data for debug@https://registry.npmjs.org/debug/-/debug-4.4.3.tgz. Extracting by manifest.
1369 silly tarball no local data for gensync@https://registry.npmjs.org/gensync/-/gensync-1.0.0-beta.2.tgz. Extracting by manifest.
1370 silly tarball no local data for json5@https://registry.npmjs.org/json5/-/json5-2.2.3.tgz. Extracting by manifest.
1371 silly tarball no local data for @babel/types@https://registry.npmjs.org/@babel/types/-/types-7.29.0.tgz. Extracting by manifest.
1372 silly tarball no local data for @babel/traverse@https://registry.npmjs.org/@babel/traverse/-/traverse-7.29.0.tgz. Extracting by manifest.
1373 silly tarball no local data for @jridgewell/remapping@https://registry.npmjs.org/@jridgewell/remapping/-/remapping-2.3.5.tgz. Extracting by manifest.
1374 silly tarball no local data for convert-source-map@https://registry.npmjs.org/convert-source-map/-/convert-source-map-2.0.0.tgz. Extracting by manifest.
1375 silly tarball no local data for @babel/parser@https://registry.npmjs.org/@babel/parser/-/parser-7.29.3.tgz. Extracting by manifest.
1376 silly tarball no local data for @babel/generator@https://registry.npmjs.org/@babel/generator/-/generator-7.29.1.tgz. Extracting by manifest.
1377 silly tarball no local data for @babel/helper-compilation-targets@https://registry.npmjs.org/@babel/helper-compilation-targets/-/helper-compilation-targets-7.28.6.tgz. Extracting by manifest.
1378 silly tarball no local data for @babel/code-frame@https://registry.npmjs.org/@babel/code-frame/-/code-frame-7.29.0.tgz. Extracting by manifest.
1379 silly tarball no local data for @babel/helper-module-transforms@https://registry.npmjs.org/@babel/helper-module-transforms/-/helper-module-transforms-7.28.6.tgz. Extracting by manifest.
1380 silly tarball no local data for @babel/helpers@https://registry.npmjs.org/@babel/helpers/-/helpers-7.29.2.tgz. Extracting by manifest.
1381 silly tarball no local data for @babel/template@https://registry.npmjs.org/@babel/template/-/template-7.28.6.tgz. Extracting by manifest.
1382 silly tarball no local data for react-refresh@https://registry.npmjs.org/react-refresh/-/react-refresh-0.18.0.tgz. Extracting by manifest.
1383 silly tarball no local data for @babel/plugin-transform-react-jsx-self@https://registry.npmjs.org/@babel/plugin-transform-react-jsx-self/-/plugin-transform-react-jsx-self-7.27.1.tgz. Extracting by manifest.
1384 silly tarball no local data for @babel/plugin-transform-react-jsx-source@https://registry.npmjs.org/@babel/plugin-transform-react-jsx-source/-/plugin-transform-react-jsx-source-7.27.1.tgz. Extracting by manifest.
1385 silly tarball no local data for @types/babel__core@https://registry.npmjs.org/@types/babel__core/-/babel__core-7.20.5.tgz. Extracting by manifest.
1386 silly tarball no local data for tailwindcss@https://registry.npmjs.org/tailwindcss/-/tailwindcss-3.4.19.tgz. Extracting by manifest.
1387 silly tarball no local data for @babel/core@https://registry.npmjs.org/@babel/core/-/core-7.29.0.tgz. Extracting by manifest.
1388 silly tarball no local data for react-dom@https://registry.npmjs.org/react-dom/-/react-dom-19.2.6.tgz. Extracting by manifest.
1389 silly tarball no local data for postcss@https://registry.npmjs.org/postcss/-/postcss-8.5.14.tgz. Extracting by manifest.
1390 silly tarball no local data for @rolldown/pluginutils@https://registry.npmjs.org/@rolldown/pluginutils/-/pluginutils-1.0.0-rc.3.tgz. Extracting by manifest.
1391 silly tarball no local data for autoprefixer@https://registry.npmjs.org/autoprefixer/-/autoprefixer-10.5.0.tgz. Extracting by manifest.
1392 silly tarball no local data for vite@https://registry.npmjs.org/vite/-/vite-7.3.3.tgz. Extracting by manifest.
1393 silly tarball no local data for fdir@https://registry.npmjs.org/fdir/-/fdir-6.5.0.tgz. Extracting by manifest.
1394 silly tarball no local data for react@https://registry.npmjs.org/react/-/react-19.2.6.tgz. Extracting by manifest.
1395 silly tarball no local data for picomatch@https://registry.npmjs.org/picomatch/-/picomatch-4.0.4.tgz. Extracting by manifest.
1396 silly tarball no local data for @vitejs/plugin-react@https://registry.npmjs.org/@vitejs/plugin-react/-/plugin-react-5.2.0.tgz. Extracting by manifest.
1397 silly tarball no local data for glob-parent@https://registry.npmjs.org/glob-parent/-/glob-parent-5.1.2.tgz. Extracting by manifest.
1398 silly tarball no local data for fdir@https://registry.npmjs.org/fdir/-/fdir-6.5.0.tgz. Extracting by manifest.
1399 silly tarball no local data for picomatch@https://registry.npmjs.org/picomatch/-/picomatch-4.0.4.tgz. Extracting by manifest.
1400 silly tarball no local data for glob-parent@https://registry.npmjs.org/glob-parent/-/glob-parent-5.1.2.tgz. Extracting by manifest.
1401 http fetch GET 200 https://registry.npmjs.org/thenify/-/thenify-3.3.1.tgz 42ms (cache miss)
1402 http fetch GET 200 https://registry.npmjs.org/thenify-all/-/thenify-all-1.6.0.tgz 59ms (cache miss)
1403 http fetch GET 200 https://registry.npmjs.org/any-promise/-/any-promise-1.3.0.tgz 64ms (cache miss)
1404 http fetch GET 200 https://registry.npmjs.org/@types/estree/-/estree-1.0.8.tgz 72ms (cache miss)
1405 http fetch GET 200 https://registry.npmjs.org/queue-microtask/-/queue-microtask-1.2.3.tgz 85ms (cache miss)
1406 http fetch GET 200 https://registry.npmjs.org/escalade/-/escalade-3.2.0.tgz 86ms (cache miss)
1407 http fetch GET 200 https://registry.npmjs.org/hasown/-/hasown-2.0.3.tgz 86ms (cache miss)
1408 http fetch GET 200 https://registry.npmjs.org/rollup/-/rollup-4.60.4.tgz 87ms (cache miss)
1409 http fetch GET 200 https://registry.npmjs.org/ts-interface-checker/-/ts-interface-checker-0.1.13.tgz 87ms (cache miss)
1410 http fetch GET 200 https://registry.npmjs.org/tinyglobby/-/tinyglobby-0.2.16.tgz 93ms (cache miss)
1411 http fetch GET 200 https://registry.npmjs.org/pirates/-/pirates-4.0.7.tgz 107ms (cache miss)
1412 http fetch GET 200 https://registry.npmjs.org/esbuild/-/esbuild-0.27.7.tgz 106ms (cache miss)
1413 http fetch GET 200 https://registry.npmjs.org/is-core-module/-/is-core-module-2.16.2.tgz 108ms (cache miss)
1414 http fetch GET 200 https://registry.npmjs.org/function-bind/-/function-bind-1.1.2.tgz 113ms (cache miss)
1415 http fetch GET 200 https://registry.npmjs.org/path-parse/-/path-parse-1.0.7.tgz 113ms (cache miss)
1416 http fetch GET 200 https://registry.npmjs.org/mz/-/mz-2.7.0.tgz 116ms (cache miss)
1417 http fetch GET 200 https://registry.npmjs.org/pify/-/pify-2.3.0.tgz 115ms (cache miss)
1418 http fetch GET 200 https://registry.npmjs.org/lines-and-columns/-/lines-and-columns-1.2.4.tgz 116ms (cache miss)
1419 http fetch GET 200 https://registry.npmjs.org/object-assign/-/object-assign-4.1.1.tgz 116ms (cache miss)
1420 http fetch GET 200 https://registry.npmjs.org/es-errors/-/es-errors-1.3.0.tgz 118ms (cache miss)
1421 http fetch GET 200 https://registry.npmjs.org/camelcase-css/-/camelcase-css-2.0.1.tgz 126ms (cache miss)
1422 http fetch GET 200 https://registry.npmjs.org/util-deprecate/-/util-deprecate-1.0.2.tgz 130ms (cache miss)
1423 http fetch GET 200 https://registry.npmjs.org/cssesc/-/cssesc-3.0.0.tgz 131ms (cache miss)
1424 http fetch GET 200 https://registry.npmjs.org/commander/-/commander-4.1.1.tgz 132ms (cache miss)
1425 http fetch GET 200 https://registry.npmjs.org/is-extglob/-/is-extglob-2.1.1.tgz 136ms (cache miss)
1426 http fetch GET 200 https://registry.npmjs.org/reusify/-/reusify-1.1.0.tgz 140ms (cache miss)
1427 http fetch GET 200 https://registry.npmjs.org/read-cache/-/read-cache-1.0.0.tgz 140ms (cache miss)
1428 http fetch GET 200 https://registry.npmjs.org/supports-preserve-symlinks-flag/-/supports-preserve-symlinks-flag-1.0.0.tgz 146ms (cache miss)
1429 http fetch GET 200 https://registry.npmjs.org/@nodelib/fs.scandir/-/fs.scandir-2.1.5.tgz 151ms (cache miss)
1430 http fetch GET 200 https://registry.npmjs.org/merge2/-/merge2-1.4.1.tgz 156ms (cache miss)
1431 http fetch GET 200 https://registry.npmjs.org/picomatch/-/picomatch-2.3.2.tgz 156ms (cache miss)
1432 http fetch GET 200 https://registry.npmjs.org/to-regex-range/-/to-regex-range-5.0.1.tgz 156ms (cache miss)
1433 http fetch GET 200 https://registry.npmjs.org/fastq/-/fastq-1.20.1.tgz 160ms (cache miss)
1434 http fetch GET 200 https://registry.npmjs.org/is-binary-path/-/is-binary-path-2.1.0.tgz 160ms (cache miss)
1435 http fetch GET 200 https://registry.npmjs.org/fill-range/-/fill-range-7.1.1.tgz 174ms (cache miss)
1436 http fetch GET 200 https://registry.npmjs.org/@nodelib/fs.stat/-/fs.stat-2.0.5.tgz 175ms (cache miss)
1437 http fetch GET 200 https://registry.npmjs.org/anymatch/-/anymatch-3.1.3.tgz 175ms (cache miss)
1438 http fetch GET 200 https://registry.npmjs.org/fsevents/-/fsevents-2.3.3.tgz 177ms (cache miss)
1439 http fetch GET 200 https://registry.npmjs.org/@nodelib/fs.walk/-/fs.walk-1.2.8.tgz 178ms (cache miss)
1440 http fetch GET 200 https://registry.npmjs.org/braces/-/braces-3.0.3.tgz 183ms (cache miss)
1441 http fetch GET 200 https://registry.npmjs.org/readdirp/-/readdirp-3.6.0.tgz 183ms (cache miss)
1442 http fetch GET 200 https://registry.npmjs.org/binary-extensions/-/binary-extensions-2.3.0.tgz 203ms (cache miss)
1443 http fetch GET 200 https://registry.npmjs.org/is-number/-/is-number-7.0.0.tgz 208ms (cache miss)
1444 http fetch GET 200 https://registry.npmjs.org/postcss-load-config/-/postcss-load-config-6.0.1.tgz 204ms (cache miss)
1445 http fetch GET 200 https://registry.npmjs.org/micromatch/-/micromatch-4.0.8.tgz 206ms (cache miss)
1446 http fetch GET 200 https://registry.npmjs.org/lilconfig/-/lilconfig-3.1.3.tgz 208ms (cache miss)
1447 http fetch GET 200 https://registry.npmjs.org/normalize-path/-/normalize-path-3.0.0.tgz 209ms (cache miss)
1448 http fetch GET 200 https://registry.npmjs.org/postcss-nested/-/postcss-nested-6.2.0.tgz 211ms (cache miss)
1449 http fetch GET 200 https://registry.npmjs.org/postcss-js/-/postcss-js-4.1.0.tgz 220ms (cache miss)
1450 http fetch GET 200 https://registry.npmjs.org/sucrase/-/sucrase-3.35.1.tgz 221ms (cache miss)
1451 http fetch GET 200 https://registry.npmjs.org/postcss-selector-parser/-/postcss-selector-parser-6.1.2.tgz 224ms (cache miss)
1452 http fetch GET 200 https://registry.npmjs.org/fast-glob/-/fast-glob-3.3.3.tgz 234ms (cache miss)
1453 http fetch GET 200 https://registry.npmjs.org/resolve/-/resolve-1.22.12.tgz 235ms (cache miss)
1454 http fetch GET 200 https://registry.npmjs.org/run-parallel/-/run-parallel-1.2.0.tgz 237ms (cache miss)
1455 http fetch GET 200 https://registry.npmjs.org/object-hash/-/object-hash-3.0.0.tgz 247ms (cache miss)
1456 http fetch GET 200 https://registry.npmjs.org/dlv/-/dlv-1.1.3.tgz 257ms (cache miss)
1457 http fetch GET 200 https://registry.npmjs.org/chokidar/-/chokidar-3.6.0.tgz 258ms (cache miss)
1458 http fetch GET 200 https://registry.npmjs.org/arg/-/arg-5.0.2.tgz 260ms (cache miss)
1459 http fetch GET 200 https://registry.npmjs.org/jiti/-/jiti-1.21.7.tgz 265ms (cache miss)
1460 http fetch GET 200 https://registry.npmjs.org/didyoumean/-/didyoumean-1.2.2.tgz 264ms (cache miss)
1461 http fetch GET 200 https://registry.npmjs.org/is-glob/-/is-glob-4.0.3.tgz 265ms (cache miss)
1462 http fetch GET 200 https://registry.npmjs.org/nanoid/-/nanoid-3.3.12.tgz 266ms (cache miss)
1463 http fetch GET 200 https://registry.npmjs.org/scheduler/-/scheduler-0.27.0.tgz 266ms (cache miss)
1464 http fetch GET 200 https://registry.npmjs.org/@alloc/quick-lru/-/quick-lru-5.2.0.tgz 271ms (cache miss)
1465 http fetch GET 200 https://registry.npmjs.org/yallist/-/yallist-3.1.1.tgz 272ms (cache miss)
1466 http fetch GET 200 https://registry.npmjs.org/ms/-/ms-2.1.3.tgz 286ms (cache miss)
1467 http fetch GET 200 https://registry.npmjs.org/update-browserslist-db/-/update-browserslist-db-1.2.3.tgz 288ms (cache miss)
1468 http fetch GET 200 https://registry.npmjs.org/baseline-browser-mapping/-/baseline-browser-mapping-2.10.30.tgz 288ms (cache miss)
1469 http fetch GET 200 https://registry.npmjs.org/postcss-import/-/postcss-import-15.1.0.tgz 289ms (cache miss)
1470 http fetch GET 200 https://registry.npmjs.org/source-map-js/-/source-map-js-1.2.1.tgz 300ms (cache miss)
1471 http fetch GET 200 https://registry.npmjs.org/node-releases/-/node-releases-2.0.44.tgz 301ms (cache miss)
1472 http fetch GET 200 https://registry.npmjs.org/electron-to-chromium/-/electron-to-chromium-1.5.357.tgz 303ms (cache miss)
1473 http fetch GET 200 https://registry.npmjs.org/fraction.js/-/fraction.js-5.3.4.tgz 325ms (cache miss)
1474 http fetch GET 200 https://registry.npmjs.org/@types/babel__template/-/babel__template-7.4.4.tgz 340ms (cache miss)
1475 http fetch POST 200 https://registry.npmjs.org/-/npm/v1/security/advisories/bulk 360ms
1476 silly audit report {}
1477 http fetch GET 200 https://registry.npmjs.org/@types/babel__traverse/-/babel__traverse-7.28.0.tgz 342ms (cache miss)
1478 http fetch GET 200 https://registry.npmjs.org/@jridgewell/resolve-uri/-/resolve-uri-3.1.2.tgz 342ms (cache miss)
1479 http fetch GET 200 https://registry.npmjs.org/postcss-value-parser/-/postcss-value-parser-4.2.0.tgz 343ms (cache miss)
1480 http fetch GET 200 https://registry.npmjs.org/@babel/helper-globals/-/helper-globals-7.28.0.tgz 343ms (cache miss)
1481 http fetch GET 200 https://registry.npmjs.org/@babel/helper-string-parser/-/helper-string-parser-7.27.1.tgz 343ms (cache miss)
1482 http fetch GET 200 https://registry.npmjs.org/@jridgewell/sourcemap-codec/-/sourcemap-codec-1.5.5.tgz 345ms (cache miss)
1483 http fetch GET 200 https://registry.npmjs.org/@babel/helper-plugin-utils/-/helper-plugin-utils-7.28.6.tgz 346ms (cache miss)
1484 http fetch GET 200 https://registry.npmjs.org/@types/babel__generator/-/babel__generator-7.27.0.tgz 349ms (cache miss)
1485 http fetch GET 200 https://registry.npmjs.org/browserslist/-/browserslist-4.28.2.tgz 356ms (cache miss)
1486 http fetch GET 200 https://registry.npmjs.org/jsesc/-/jsesc-3.1.0.tgz 360ms (cache miss)
1487 http fetch GET 200 https://registry.npmjs.org/picocolors/-/picocolors-1.1.1.tgz 369ms (cache miss)
1488 http fetch GET 200 https://registry.npmjs.org/js-tokens/-/js-tokens-4.0.0.tgz 380ms (cache miss)
1489 http fetch GET 200 https://registry.npmjs.org/glob-parent/-/glob-parent-6.0.2.tgz 390ms (cache miss)
1490 http fetch GET 200 https://registry.npmjs.org/@babel/helper-validator-identifier/-/helper-validator-identifier-7.28.5.tgz 388ms (cache miss)
1491 http fetch GET 200 https://registry.npmjs.org/semver/-/semver-6.3.1.tgz 393ms (cache miss)
1492 http fetch GET 200 https://registry.npmjs.org/@babel/compat-data/-/compat-data-7.29.3.tgz 396ms (cache miss)
1493 http fetch GET 200 https://registry.npmjs.org/@jridgewell/gen-mapping/-/gen-mapping-0.3.13.tgz 396ms (cache miss)
1494 http fetch GET 200 https://registry.npmjs.org/@jridgewell/trace-mapping/-/trace-mapping-0.3.31.tgz 397ms (cache miss)
1495 http fetch GET 200 https://registry.npmjs.org/@babel/helper-module-imports/-/helper-module-imports-7.28.6.tgz 398ms (cache miss)
1496 http fetch GET 200 https://registry.npmjs.org/@babel/helper-validator-option/-/helper-validator-option-7.27.1.tgz 413ms (cache miss)
1497 http fetch GET 200 https://registry.npmjs.org/gensync/-/gensync-1.0.0-beta.2.tgz 413ms (cache miss)
1498 http fetch GET 200 https://registry.npmjs.org/debug/-/debug-4.4.3.tgz 413ms (cache miss)
1499 http fetch GET 200 https://registry.npmjs.org/lru-cache/-/lru-cache-5.1.1.tgz 414ms (cache miss)
1500 http fetch GET 200 https://registry.npmjs.org/json5/-/json5-2.2.3.tgz 417ms (cache miss)
1501 http fetch GET 200 https://registry.npmjs.org/caniuse-lite/-/caniuse-lite-1.0.30001793.tgz 426ms (cache miss)
1502 http fetch GET 200 https://registry.npmjs.org/@babel/traverse/-/traverse-7.29.0.tgz 444ms (cache miss)
1503 http fetch GET 200 https://registry.npmjs.org/@jridgewell/remapping/-/remapping-2.3.5.tgz 454ms (cache miss)
1504 http fetch GET 200 https://registry.npmjs.org/@rollup/rollup-darwin-arm64/-/rollup-darwin-arm64-4.60.4.tgz 495ms (cache miss)
1505 http fetch GET 200 https://registry.npmjs.org/react-refresh/-/react-refresh-0.18.0.tgz 488ms (cache miss)
1506 http fetch GET 200 https://registry.npmjs.org/@babel/helper-module-transforms/-/helper-module-transforms-7.28.6.tgz 500ms (cache miss)
1507 http fetch GET 200 https://registry.npmjs.org/@babel/helper-compilation-targets/-/helper-compilation-targets-7.28.6.tgz 504ms (cache miss)
1508 http fetch GET 200 https://registry.npmjs.org/@babel/generator/-/generator-7.29.1.tgz 512ms (cache miss)
1509 http fetch GET 200 https://registry.npmjs.org/@babel/template/-/template-7.28.6.tgz 520ms (cache miss)
1510 http fetch GET 200 https://registry.npmjs.org/@babel/parser/-/parser-7.29.3.tgz 541ms (cache miss)
1511 http fetch GET 200 https://registry.npmjs.org/@babel/code-frame/-/code-frame-7.29.0.tgz 543ms (cache miss)
1512 http fetch GET 200 https://registry.npmjs.org/@babel/plugin-transform-react-jsx-source/-/plugin-transform-react-jsx-source-7.27.1.tgz 544ms (cache miss)
1513 http fetch GET 200 https://registry.npmjs.org/@types/babel__core/-/babel__core-7.20.5.tgz 544ms (cache miss)
1514 http fetch GET 200 https://registry.npmjs.org/@babel/types/-/types-7.29.0.tgz 624ms (cache miss)
1515 http fetch GET 200 https://registry.npmjs.org/autoprefixer/-/autoprefixer-10.5.0.tgz 628ms (cache miss)
1516 http fetch GET 200 https://registry.npmjs.org/convert-source-map/-/convert-source-map-2.0.0.tgz 632ms (cache miss)
1517 http fetch GET 200 https://registry.npmjs.org/fdir/-/fdir-6.5.0.tgz 641ms (cache miss)
1518 http fetch GET 200 https://registry.npmjs.org/picomatch/-/picomatch-4.0.4.tgz 641ms (cache miss)
1519 http fetch GET 200 https://registry.npmjs.org/react/-/react-19.2.6.tgz 648ms (cache miss)
1520 http fetch GET 200 https://registry.npmjs.org/@babel/core/-/core-7.29.0.tgz 654ms (cache miss)
1521 http fetch GET 200 https://registry.npmjs.org/glob-parent/-/glob-parent-5.1.2.tgz 707ms (cache miss)
1522 http fetch GET 200 https://registry.npmjs.org/@babel/helpers/-/helpers-7.29.2.tgz 713ms (cache miss)
1523 http fetch GET 200 https://registry.npmjs.org/picomatch/-/picomatch-4.0.4.tgz 723ms (cache miss)
1524 http fetch GET 200 https://registry.npmjs.org/glob-parent/-/glob-parent-5.1.2.tgz 723ms (cache miss)
1525 http fetch GET 200 https://registry.npmjs.org/tailwindcss/-/tailwindcss-3.4.19.tgz 761ms (cache miss)
1526 http fetch GET 200 https://registry.npmjs.org/@babel/plugin-transform-react-jsx-self/-/plugin-transform-react-jsx-self-7.27.1.tgz 792ms (cache miss)
1527 http fetch GET 200 https://registry.npmjs.org/postcss/-/postcss-8.5.14.tgz 794ms (cache miss)
1528 http fetch GET 200 https://registry.npmjs.org/vite/-/vite-7.3.3.tgz 804ms (cache miss)
1529 http fetch GET 200 https://registry.npmjs.org/fdir/-/fdir-6.5.0.tgz 835ms (cache miss)
1530 http fetch GET 200 https://registry.npmjs.org/react-dom/-/react-dom-19.2.6.tgz 848ms (cache miss)
1531 http fetch GET 200 https://registry.npmjs.org/@rolldown/pluginutils/-/pluginutils-1.0.0-rc.3.tgz 883ms (cache miss)
1532 http fetch GET 200 https://registry.npmjs.org/@vitejs/plugin-react/-/plugin-react-5.2.0.tgz 994ms (cache miss)
1533 http fetch GET 200 https://registry.npmjs.org/@esbuild/darwin-arm64/-/darwin-arm64-0.27.7.tgz 1131ms (cache miss)
1534 info run fsevents@2.3.3 install node_modules/fsevents node-gyp rebuild
1535 info run fsevents@2.3.3 install { code: 1, signal: null }
1536 verbose reify failed optional dependency /Users/teager/Documents/New project 2/node_modules/fsevents
1537 silly reify mark deleted [ '/Users/teager/Documents/New project 2/node_modules/fsevents' ]
1538 info run esbuild@0.27.7 postinstall node_modules/esbuild node install.js
1539 info run esbuild@0.27.7 postinstall { code: 0, signal: null }
1540 silly ADD node_modules/@types/estree
1541 silly ADD
1542 silly ADD
1543 silly ADD
1544 silly ADD
1545 silly ADD
1546 silly ADD
1547 silly ADD
1548 silly ADD
1549 silly ADD
1550 silly ADD
1551 silly ADD
1552 silly ADD
1553 silly ADD
1554 silly ADD
1555 silly ADD
1556 silly ADD
1557 silly ADD
1558 silly ADD
1559 silly ADD
1560 silly ADD
1561 silly ADD
1562 silly ADD
1563 silly ADD node_modules/@rollup/rollup-darwin-arm64
1564 silly ADD
1565 silly ADD
1566 silly ADD
1567 silly ADD
1568 silly ADD
1569 silly ADD
1570 silly ADD
1571 silly ADD
1572 silly ADD
1573 silly ADD
1574 silly ADD
1575 silly ADD
1576 silly ADD
1577 silly ADD
1578 silly ADD
1579 silly ADD
1580 silly ADD
1581 silly ADD
1582 silly ADD
1583 silly ADD
1584 silly ADD
1585 silly ADD
1586 silly ADD
1587 silly ADD node_modules/@esbuild/darwin-arm64
1588 silly ADD
1589 silly ADD
1590 silly ADD
1591 silly ADD
1592 silly ADD node_modules/rollup
1593 silly ADD node_modules/esbuild
1594 silly ADD node_modules/escalade
1595 silly ADD node_modules/is-number
1596 silly ADD node_modules/thenify
1597 silly ADD node_modules/thenify-all
1598 silly ADD node_modules/object-assign
1599 silly ADD node_modules/any-promise
1600 silly ADD node_modules/ts-interface-checker
1601 silly ADD node_modules/tinyglobby
1602 silly ADD node_modules/tinyglobby/node_modules/picomatch
1603 silly ADD node_modules/tinyglobby/node_modules/fdir
1604 silly ADD node_modules/pirates
1605 silly ADD node_modules/mz
1606 silly ADD node_modules/lines-and-columns
1607 silly ADD node_modules/commander
1608 silly ADD node_modules/queue-microtask
1609 silly ADD node_modules/function-bind
1610 silly ADD node_modules/hasown
1611 silly ADD node_modules/supports-preserve-symlinks-flag
1612 silly ADD node_modules/path-parse
1613 silly ADD node_modules/is-core-module
1614 silly ADD node_modules/es-errors
1615 silly ADD node_modules/pify
1616 silly ADD node_modules/util-deprecate
1617 silly ADD node_modules/cssesc
1618 silly ADD node_modules/camelcase-css
1619 silly ADD node_modules/read-cache
1620 silly ADD node_modules/is-extglob
1621 silly ADD node_modules/binary-extensions
1622 silly ADD node_modules/to-regex-range
1623 silly ADD node_modules/reusify
1624 silly ADD node_modules/run-parallel
1625 silly ADD node_modules/fastq
1626 silly ADD node_modules/@nodelib/fs.scandir
1627 silly ADD node_modules/merge2
1628 silly ADD node_modules/@nodelib/fs.walk
1629 silly ADD node_modules/@nodelib/fs.stat
1630 silly ADD node_modules/fill-range
1631 silly ADD node_modules/picomatch
1632 silly ADD node_modules/readdirp
1633 silly ADD node_modules/is-binary-path
1634 silly ADD
1635 silly ADD node_modules/braces
1636 silly ADD node_modules/anymatch
1637 silly ADD node_modules/sucrase
1638 silly ADD node_modules/resolve
1639 silly ADD node_modules/postcss-selector-parser
1640 silly ADD node_modules/postcss-nested
1641 silly ADD node_modules/postcss-load-config
1642 silly ADD node_modules/postcss-js
1643 silly ADD node_modules/postcss-import
1644 silly ADD node_modules/object-hash
1645 silly ADD node_modules/normalize-path
1646 silly ADD node_modules/micromatch
1647 silly ADD node_modules/lilconfig
1648 silly ADD node_modules/jiti
1649 silly ADD node_modules/is-glob
1650 silly ADD node_modules/glob-parent
1651 silly ADD node_modules/fast-glob
1652 silly ADD node_modules/fast-glob/node_modules/glob-parent
1653 silly ADD node_modules/dlv
1654 silly ADD node_modules/didyoumean
1655 silly ADD node_modules/chokidar
1656 silly ADD node_modules/chokidar/node_modules/glob-parent
1657 silly ADD node_modules/arg
1658 silly ADD node_modules/@alloc/quick-lru
1659 silly ADD node_modules/scheduler
1660 silly ADD node_modules/source-map-js
1661 silly ADD node_modules/nanoid
1662 silly ADD node_modules/yallist
1663 silly ADD node_modules/ms
1664 silly ADD node_modules/update-browserslist-db
1665 silly ADD node_modules/node-releases
1666 silly ADD node_modules/electron-to-chromium
1667 silly ADD node_modules/baseline-browser-mapping
1668 silly ADD node_modules/postcss-value-parser
1669 silly ADD node_modules/fraction.js
1670 silly ADD node_modules/caniuse-lite
1671 silly ADD node_modules/@types/babel__traverse
1672 silly ADD node_modules/@types/babel__template
1673 silly ADD node_modules/@types/babel__generator
1674 silly ADD node_modules/@jridgewell/resolve-uri
1675 silly ADD node_modules/@jridgewell/sourcemap-codec
1676 silly ADD node_modules/@babel/helper-string-parser
1677 silly ADD node_modules/@babel/helper-globals
1678 silly ADD node_modules/@babel/helper-plugin-utils
1679 silly ADD node_modules/@babel/helper-module-imports
1680 silly ADD node_modules/lru-cache
1681 silly ADD node_modules/browserslist
1682 silly ADD node_modules/@babel/helper-validator-option
1683 silly ADD node_modules/@babel/compat-data
1684 silly ADD node_modules/jsesc
1685 silly ADD node_modules/@jridgewell/trace-mapping
1686 silly ADD node_modules/@jridgewell/gen-mapping
1687 silly ADD node_modules/picocolors
1688 silly ADD node_modules/js-tokens
1689 silly ADD node_modules/@babel/helper-validator-identifier
1690 silly ADD node_modules/semver
1691 silly ADD node_modules/json5
1692 silly ADD node_modules/gensync
1693 silly ADD node_modules/debug
1694 silly ADD node_modules/convert-source-map
1695 silly ADD node_modules/@jridgewell/remapping
1696 silly ADD node_modules/@babel/types
1697 silly ADD node_modules/@babel/traverse
1698 silly ADD node_modules/@babel/template
1699 silly ADD node_modules/@babel/parser
1700 silly ADD node_modules/@babel/helpers
1701 silly ADD node_modules/@babel/helper-module-transforms
1702 silly ADD node_modules/@babel/helper-compilation-targets
1703 silly ADD node_modules/@babel/generator
1704 silly ADD node_modules/@babel/code-frame
1705 silly ADD node_modules/react-refresh
1706 silly ADD node_modules/@types/babel__core
1707 silly ADD node_modules/@rolldown/pluginutils
1708 silly ADD node_modules/@babel/plugin-transform-react-jsx-source
1709 silly ADD node_modules/@babel/plugin-transform-react-jsx-self
1710 silly ADD node_modules/@babel/core
1711 silly ADD node_modules/tailwindcss
1712 silly ADD node_modules/react-dom
1713 silly ADD node_modules/react
1714 silly ADD node_modules/postcss
1715 silly ADD node_modules/autoprefixer
1716 silly ADD node_modules/vite
1717 silly ADD node_modules/vite/node_modules/picomatch
1718 silly ADD node_modules/vite/node_modules/fdir
1719 silly ADD node_modules/@vitejs/plugin-react
1720 verbose cwd /Users/teager/Documents/New project 2
1721 verbose os Darwin 25.3.0
1722 verbose node v22.16.0
1723 verbose npm  v10.9.2
1724 notice
1724 notice New major version of npm available! 10.9.2 -> 11.14.1
1724 notice Changelog: https://github.com/npm/cli/releases/tag/v11.14.1
1724 notice To update run: npm install -g npm@11.14.1
1724 notice  { force: true, [Symbol(proc-log.meta)]: true }
1725 verbose exit 0
1726 info ok
